inventory_id,ISBN,store_id,price
1,9781474603652.0,1,12800
2,9785907024656.0,1,5800
3,9781785573224.0,1,6400
4,2009923919275.0,1,6800
5,9781784407117.0,1,12200
6,9781785576966.0,1,10400
7,9789939686271.0,1,11200
8,9789939847528.0,1,5600
9,9785389141964.0,1,10400
10,9789939911755.0,1,10800
11,9785807708380.0,1,11600
12,9780718157838.0,1,10600
13,9780241979921.0,1,12000
14,9780141197531.0,1,7400
15,9789939891132.0,1,3800
16,9780099555254.0,1,9400
17,9781909531611.0,1,10200
18,9780552161251.0,1,5800
19,9789939924519.0,1,11000
20,9785389138247.0,1,8000
21,9780099579946.0,1,11200
22,9780099533252.0,1,4000
23,9780099580799.0,1,12200
24,9780099557579.0,1,5200
25,9780099557593.0,1,7800
26,9780099549482.0,1,9800
27,9780099533245.0,1,3800
28,9781784756796.0,1,10200
29,9780099557586.0,1,3600
30,9781784755287.0,1,4000
31,9785170837786.0,1,7600
32,9785389190795.0,1,6400
33,9785389190030.0,1,11200
34,9789939763743.0,1,5600
35,9789939753249.0,1,5200
36,9789939912387.0,1,9600
37,9789939838779.0,1,4400
38,9994164074.0,1,10000
39,9789939686936.0,1,7200
40,9789939917528.0,1,7400
41,9789939763507.0,1,9000
42,9789939762722.0,1,9000
43,9789939850375.0,1,7800
44,9789939010878.0,1,9600
45,9789939920528.0,1,5400
46,9789939979441.0,1,4200
47,9785807709394.0,1,6600
48,9789939935928.0,1,3400
49,9789939992204.0,1,10400
50,9789939054094.0,1,12800
51,9789939914596.0,1,11000
52,9789939934402.0,1,6600
53,9789939982731.0,1,5800
55,9789939705910.0,1,5600
56,9789939705682.0,1,8000
57,9789939706009.0,1,6000
58,9789939051741.0,1,7000
59,9789939045580.0,1,10400
60,9786257460101.0,1,4200
62,9786257460040.0,1,5200
63,9786052100363.0,1,10400
64,9789939051932.0,1,12800
65,9789939519562.0,1,10600
66,9789939661858.0,1,5600
67,9789993048123.0,1,8800
68,9789939856193.0,1,10400
69,9789939764108.0,1,8200
70,9789939525235.0,1,3400
71,9789939524627.0,1,8200
72,9789939107981.0,1,8400
74,9789939751771.0,1,11600
75,9789939606286.0,1,5200
76,9789939872469.0,1,3600
78,9789939766409.0,1,12000
79,9789939689302.0,1,4600
80,9789939810560.0,1,4400
81,9789939927152.0,1,7600
82,9789939913254.0,1,12800
83,9789939756035.0,1,9200
84,9789939757551.0,1,9800
85,9789939039374.0,1,9000
86,9789939872582.0,1,10400
87,9789939688114.0,1,7200
88,9789939758336.0,1,5400
89,9789939919256.0,1,8800
90,9789939895130.0,1,11400
91,9789939524474.0,1,10800
92,9789939754086.0,1,7000
93,9789939895017.0,1,6200
94,9789939767185.0,1,10000
95,9789939767413.0,1,3800
96,9789993003069.0,1,12400
97,9789939769462.0,1,9200
98,9789939768878.0,1,10400
99,9789939858418.0,1,12800
100,9789939858425.0,1,10800
101,9789939895307.0,1,4600
103,9789939858166.0,1,10600
107,9789939877983.0,1,11600
108,9789939895222.0,1,6200
109,9789939980379.0,1,12600
110,9789939895239.0,1,5200
112,9789939872605.0,1,12800
113,9789939969329.0,1,8400
114,9789939117638.0,1,11800
116,9789939934723.0,1,5200
117,9789939934709.0,1,10600
118,9789939935027.0,1,12200
119,9789939966083.0,1,8400
120,9789939966076.0,1,6400
121,9789939899992.0,1,9800
122,9789939909058.0,1,6000
124,9789939872780.0,1,5400
125,9789939885797.0,1,10600
126,9789939885735.0,1,10800
127,9789939108445.0,1,7400
128,9789939108810.0,1,6600
129,9789939858326.0,1,9400
130,9789939969527.0,1,12800
132,9789939608464.0,1,10800
133,9789939895338.0,1,10400
134,9789939872766.0,1,3800
135,9789939935034.0,1,4600
136,9789939966403.0,1,7400
137,9789939895468.0,1,11400
138,9789939885834.0,1,10800
139,9789939934556.0,1,11800
140,9789939885766.0,1,11600
142,9789939885773.0,1,10400
143,9789939837338.0,1,8200
144,9789939763910.0,1,6600
145,9789939030654.0,1,6400
146,9789939763262.0,1,3800
147,9789939762708.0,1,12400
148,9789939826776.0,1,9600
149,9789939686547.0,1,5800
150,9789939609270.0,1,12800
151,9789939741604.0,1,8200
152,9789939608921.0,1,5200
153,9789939050409.0,1,12400
154,9789939967707.0,1,4000
155,9789939047904.0,1,8400
157,9789939664668.0,1,8600
158,9789939121048.0,1,8000
159,97899396029324.0,1,11800
160,9789939706047.0,1,4600
161,97899339046037.0,1,12400
162,9789994180899.0,1,11800
163,9789939607443.0,1,3800
164,9789939928586.0,1,10600
165,9789939982489.0,1,4000
166,9789939983677.0,1,9000
167,9789939609300.0,1,12600
168,9789939664637.0,1,9600
169,9789939895260.0,1,8000
170,9789939923901.0,1,5200
171,9789939755786.0,1,6000
172,9789939112152.0,1,7800
173,9789939766645.0,1,8800
174,9789939767215.0,1,6600
175,9789939844886.0,1,3400
176,9789939925516.0,1,11200
177,9789939035888.0,1,11200
178,9789939891064.0,1,9600
179,9789939912844.0,1,4400
180,9789939038032.0,1,10800
181,9789939663463.0,1,12200
182,9789939038377.0,1,6800
183,9785389089747.0,1,10800
184,9785171047733.0,1,7200
185,9789939108605.0,1,6200
186,9785171126698.0,1,7000
187,9785040961306.0,1,11000
188,9785001310273.0,1,9400
189,9785864717974.0,1,9200
190,9785170893225.0,1,7600
191,9781406369090.0,1,12800
192,9785864717257.0,1,11800
193,9781847493125.0,1,12600
194,9789939761510.0,1,12800
195,9789939753614.0,1,9600
196,9785389084926.0,1,7600
197,9780008182243.0,1,3400
198,9789939919508.0,1,4800
199,9789939919553.0,1,12800
200,9789939762777.0,1,10800
201,9789939922256.0,1,8000
202,5955509224.0,1,11800
203,9789939684512.0,1,6000
204,9789939761916.0,1,12000
205,9789939685649.0,1,9000
206,9789939852058.0,1,10400
207,9789939685724.0,1,8800
208,9789939752556.0,1,7200
209,9789939104447.0,1,9600
210,9789939912295.0,1,6000
211,9789939761442.0,1,6800
212,9780241348079.0,1,3600
213,9789939766263.0,1,4000
214,9785001692553.0,1,7400
215,9789939767246.0,1,4000
216,9785170958634.0,1,5400
217,9781853268977.0,1,9200
218,9789939761183.0,1,12800
219,9781526676139.0,1,10800
220,9780007549795.0,1,3400
221,9781780898421.0,1,9600
222,9785171069474.0,1,7600
223,9781408894644.0,1,4600
224,9781472246752.0,1,7200
225,9785864716731.0,1,8000
226,9785170817139.0,1,6400
227,9789939684475.0,1,12400
228,9789939685120.0,1,10800
229,2002913794012.0,1,3800
230,9785864716748.0,1,10400
231,9789939885469.0,1,3600
232,9789939885544.0,1,4400
233,9785041168414.0,1,5800
234,9785389220478.0,1,9000
235,9789939885575.0,1,7200
236,9785389224872.0,1,3800
237,9785389215054.0,1,9600
238,9785389276109.0,1,3400
239,9785001554264.0,1,3400
240,9785041960827.0,1,7600
241,9785041936907.0,1,6600
242,9785389155190.0,1,9600
243,9785041990503.0,1,5600
244,9785041024215.0,1,6000
247,9785041707613.0,1,6000
248,9781401252267.0,1,12800
291,9785006300569.0,1,11800
292,9781421571508.0,1,11600
293,9781974752256.0,1,11600
294,9781974740741.0,1,8800
295,9785506095941.0,1,6200
296,9781669034551.0,1,12600
297,9785389222250.0,1,5400
298,9789939118505.0,1,4800
299,9781848774025.0,1,3800
300,9781786706263.0,1,8200
301,9781401235581.0,1,8000
302,9781683831501.0,1,8000
303,9780785197232.0,1,9000
304,9781409383086.0,1,3800
305,9781405286701.0,1,12000
306,9780785125204.0,1,10800
307,9781405339018.0,1,7400
308,9781405314060.0,1,11600
309,9785506095934.0,1,12600
310,9789939966496.0,1,10400
311,9785506104056.0,1,8200
312,9781683833772.0,1,5200
313,9781683836902.0,1,4600
314,9780241458228.0,1,3600
315,9781591167532.0,1,4200
316,9789939966472.0,1,6000
317,9780007354979.0,1,11000
318,9780785838739.0,1,6800
319,9781647221355.0,1,9200
320,9781974738793.0,1,4200
321,9781421585642.0,1,12000
322,9781974738939.0,1,6000
323,9780785837138.0,1,12400
324,9785170802500.0,1,7800
325,9785353104896.0,1,8000
326,9785353104902.0,1,8400
327,9785040944606.0,1,11200
328,9785040937332.0,1,7400
329,9785040944590.0,1,8800
330,9785699946860.0,1,10400
331,9785040908011.0,1,5600
387,9789939020112.0,1,7600
388,9789939875231.0,1,9400
389,9780857331625.0,1,8200
390,9785170817207.0,1,7000
391,9780500543788.0,1,8800
392,9785961418569.0,1,3800
396,9789939108582.0,1,5800
397,9789851541061.0,1,11200
398,9789939847368.0,1,8400
399,9789851520400.0,1,10000
400,9785961421330.0,1,8400
401,9789851541665.0,1,7800
402,9785906749543.0,1,9000
403,9789851537514.0,1,12800
404,9789939024615.0,1,4800
405,9789851542372.0,1,7600
406,9789851526204.0,1,9400
407,9785990813359.0,1,11600
408,9789851539600.0,1,11600
409,9789851541825.0,1,6200
410,9785040961917.0,1,4000
411,9789851540873.0,1,12400
412,9789851545328.0,1,11600
413,9789939662800.0,1,7000
414,9789939885247.0,1,5600
425,9780141184036.0,1,6800
556,9780141975443.0,1,4800
581,9785171457464.0,1,8000
606,9785170929023.0,1,4400
609,9785171192402.0,1,9400
634,9781847370297.0,1,3400
667,9781529077292.0,1,4600
677,9789851556508.0,1,10200
946,9780099590088.0,1,9000
1087,9780007166336.0,1,5000
1457,9780007328062.0,1,6600
1513,9789851548725.0,1,12200
2294,9781911717096.0,1,12200
2388,9781473235106.0,1,12000
2542,9781841192482.0,1,12000
2575,9781471156267.0,1,11600
2576,9781398515628.0,1,10000
2583,9781398525047.0,1,3400
2696,9780141375656.0,1,12400
2700,9781787462144.0,1,7200
2702,9781529157147.0,1,8400
2705,9780141375632.0,1,8600
2726,9781529115765.0,1,4800
2742,9780241573631.0,1,5400
2763,9780349429441.0,1,4800
2774,9781405293181.0,1,12600
2787,9781444723601.0,1,11400
2788,9781408725771.0,1,8200
2932,9780575086258.0,1,7200
3046,9780008238094.0,1,6200
3060,9781909621749.0,1,12600
3062,9781847496096.0,1,11800
3246,9781909621664.0,1,3800
3290,9781509827831.0,1,5600
3974,9781805223719.0,1,10800
4213,9789939912271.0,1,12000
4249,9789939765280.0,1,9800
4350,9780552169585.0,1,7400
4362,9781473207837.0,1,7600
4372,9780552149525.0,1,4200
4379,9781784877712.0,1,10200
4382,9780552159715.0,1,10400
4388,9780241391853.0,1,10200
4412,9780099909606.0,1,9200
4423,9780007491568.0,1,3400
4425,9780261103344.0,1,10200
4427,9780008196530.0,1,12400
4430,9780006479239.0,1,3400
4435,9780007284740.0,1,11800
4436,9780008196363.0,1,11600
4437,9780008196332.0,1,4000
4442,9780006546061.0,1,5800
4444,9781847493095.0,1,10400
4450,9780241965672.0,1,5800
4454,9781472120038.0,1,6400
4464,9781909621596.0,1,9200
4466,9781509827756.0,1,7000
4471,9781529032666.0,1,8800
4480,9781847498212.0,1,8800
4485,9780241968635.0,1,5600
4495,9781847497918.0,1,9200
4504,9781847494177.0,1,11200
4508,9780141346045.0,1,5600
4524,9780007447862.0,1,3800
4539,9781398518209.0,1,12400
4550,9781529029581.0,1,4600
4558,9780241979464.0,1,6400
4581,9780349431918.0,1,3400
4711,9781529033007.0,1,8000
4721,9780241609033.0,1,3400
4741,9789851556188.0,1,8400
4786,9780241642566.0,1,4600
4816,9780241979969.0,1,11800
5038,9780500204900.0,1,3800
5041,9780500204719.0,1,9800
5043,9780500204849.0,1,8400
5047,9780500204726.0,1,11600
5146,9780241958223.0,1,11000
5204,9780735278516.0,2,6500
5205,9780593652886.0,2,11500
5206,9781907903472.0,2,8200
5207,9780307719225.0,2,8200
5208,9780349434278.0,2,6600
5209,9780349434339.0,2,7300
5210,9780349434285.0,2,6800
5211,9781529077216.0,2,6900
5212,9780241184837.0,2,8600
5213,9781471156267.0,2,6500
5214,9781526605399.0,2,6600
5215,9781529347852.0,2,6900
5216,9781847946249.0,2,6900
5217,9781847941831.0,2,9900
5218,9780712676090.0,2,12800
5219,9781408855676.0,2,6100
5220,9781408855669.0,2,6100
5221,9781408855652.0,2,5900
5223,9780099590088.0,2,7900
5224,9781784708283.0,2,7800
5225,9780141369365.0,2,8600
5226,9781447294832.0,2,6900
5228,9780857197689.0,2,9400
5229,9781405291750.0,2,5400
5230,9781401308773.0,2,3900
5231,9780440339335.0,2,4400
5232,9781529029581.0,2,6100
5233,9781405293181.0,2,4900
5234,9781861972781.0,2,12300
5235,9780241341667.0,2,5200
5236,9780241958223.0,2,6200
5237,9780141036144.0,2,5200
5238,9781529361568.0,2,6900
5239,9789939983844.0,2,3490
5241,9780006479239.0,2,5600
5242,9781398516342.0,2,12400
5243,9781398525719.0,2,6600
5244,9780525573067.0,2,8400
5245,9780241988749.0,2,6100
5246,9780449912454.0,2,8900
5247,9780525633013.0,2,10800
5248,9781787304864.0,2,9700
5249,9780241752180.0,2,3400
5250,9780241746752.0,2,3400
5251,9780241752395.0,2,3400
5252,9781784876111.0,2,7500
5253,9780241752067.0,2,3400
5254,9780552774253.0,2,5800
5255,9780141192444.0,2,10100
5256,9780241746271.0,2,3400
5257,9780241752159.0,2,3400
5258,9780241747308.0,2,3400
5259,9780241752319.0,2,3400
5260,9780241747230.0,2,3400
5261,9780241752296.0,2,3400
5262,9780241746837.0,2,3400
5263,9780241746981.0,2,3400
5264,9780241752371.0,2,3400
5265,9780241746967.0,2,3400
5266,9780241746714.0,2,3400
5267,9780241747254.0,2,3400
5268,9780241752234.0,2,3400
5269,9780241746288.0,2,3400
5270,9780241746264.0,2,3400
5271,9780241752128.0,2,3400
5272,9780241747292.0,2,3400
5273,9780241746844.0,2,3400
5274,9780241746936.0,2,3400
5275,9780241752364.0,2,3400
5276,9780241752166.0,2,3400
5277,9781909621640.0,2,6300
5278,9781909621848.0,2,5500
5279,9781529012118.0,2,6400
5280,9781529081480.0,2,5600
5281,9781509827756.0,2,6200
5282,9780261103597.0,2,5900
5283,9781646512140.0,2,6300
5284,9781646512461.0,2,6200
5285,9780261103580.0,2,5900
5286,9780008435813.0,2,5900
5287,9780008479336.0,2,5900
5288,9780008479381.0,2,5900
5289,9780007200283.0,2,5900
5290,9780007284757.0,2,5500
5291,9780007447862.0,2,6400
5292,9780571387076.0,2,10900
5293,9780571384952.0,2,6900
5294,9780571377954.0,2,9300
5295,9781786892485.0,2,6300
5296,9781526677884.0,2,6500
5297,9781526619792.0,2,12600
5298,9781526617187.0,2,6400
5299,9781526635365.0,2,7900
5341,9780310365730.0,2,4800
5342,9780241657799.0,2,8800
5343,9781509841769.0,2,6300
5344,9781909621633.0,2,6300
5345,9781509887187.0,2,6200
5346,9781509827787.0,2,8100
5347,9781529095258.0,2,6200
5348,9780141395920.0,2,7200
5349,9780141182797.0,2,5100
5350,9780140433388.0,2,6400
5351,9780008391362.0,2,5900
5352,9780008518059.0,2,5100
5353,9780571275953.0,2,7300
5354,9781529011838.0,2,5700
5355,9781509826377.0,2,6300
5356,9781909621428.0,2,6900
5357,9781909621411.0,2,6200
5358,9781909621978.0,2,6900
5359,9781509890033.0,2,6300
5360,9781529015003.0,2,6400
5361,9781509826643.0,2,7700
5362,9781509850914.0,2,7700
5363,9781909621534.0,2,6100
5364,9781529069051.0,2,6100
5365,9781909621718.0,2,6500
5366,9781909621671.0,2,6200
5367,9781509827732.0,2,6200
5368,9781909621688.0,2,6400
5369,9781509828012.0,2,5800
5370,9781405297714.0,2,4900
5371,9781405297042.0,2,5500
5372,9781405296243.0,2,5100
5373,9780241686355.0,2,9400
5374,9780593732243.0,2,12300
5375,9780593831243.0,2,8700
5376,9780593640340.0,2,6300
5377,9780593098271.0,2,4700
5378,9781583225752.0,2,5200
5379,9781583225745.0,2,4700
5380,9781583228555.0,2,5400
5381,9781526646934.0,2,10100
5382,9781784971571.0,2,6600
5383,9781398518209.0,2,6300
5384,9781398525047.0,2,9700
5385,9780142414934.0,2,7200
5386,9780008435769.0,2,5900
5387,9780007447848.0,2,6400
5388,9780008548353.0,2,6100
5389,9789939875927.0,2,30000
5391,9780241987797.0,2,5400
5392,9781784757533.0,2,5900
5393,9780143135036.0,2,8400
5394,9780241573754.0,2,5800
5395,9781784878771.0,2,11400
5396,9781784878535.0,2,5600
5397,9781529913569.0,2,10200
5398,9781787303362.0,2,10800
5399,9780241654170.0,2,5800
5400,9781784878542.0,2,5800
5401,9781784878511.0,2,5900
5402,9780241654149.0,2,6200
5403,9780241658987.0,2,5900
5404,9781784878115.0,2,5400
5405,9780099499374.0,2,5600
5406,9780434021512.0,2,12900
5407,9780141389509.0,2,4800
5408,9780099590422.0,2,4900
5409,9781405918497.0,2,5900
5410,9780141197531.0,2,5200
5411,9780670919963.0,2,5800
5412,9781405932097.0,2,6200
5413,9780241645826.0,2,5600
5414,9780241658970.0,2,5600
5415,9780241656921.0,2,5800
5416,9781804991602.0,2,6200
5417,9781473212015.0,2,6200
5418,9781473615892.0,2,6600
5419,9781473615908.0,2,6700
5420,9781473615885.0,2,6500
5421,9781473615878.0,2,6600
5422,9781444752175.0,2,6400
5423,9781399713795.0,2,6800
5424,9781849164061.0,2,6200
5425,9780340938348.0,2,6900
5426,9781444707878.0,2,9200
5427,9781444707823.0,2,7300
5428,9781399717779.0,2,5900
5429,9781444723601.0,2,7500
5430,9781784878672.0,2,9800
5431,9780860682011.0,2,6100
5432,9780349436340.0,2,6600
5433,9780349438368.0,2,6400
5434,9780349438382.0,2,6400
5435,9780349436357.0,2,6500
5436,9789939981246.0,2,4990
5438,9781399713740.0,2,6700
5439,9781399713771.0,2,6900
5440,9780571275991.0,2,7900
5441,9780349429809.0,2,6600
5442,9780571174379.0,2,7200
5443,9780571237029.0,2,6800
5444,9780007466078.0,2,6400
5445,9780007466061.0,2,6400
5446,9780007447831.0,2,6400
5447,9780571268832.0,2,7900
5448,9781398525689.0,2,6700
5449,9781529113594.0,2,5800
5450,9780241333150.0,2,5600
5451,9780241989524.0,2,5800
5452,9781529115932.0,2,5900
5453,9780241997932.0,2,8500
5454,9781804945957.0,2,5900
5455,9780141329796.0,2,8400
5456,9780099583172.0,2,5900
5457,9780241464823.0,2,5600
5458,9780307473738.0,2,7200
5459,9780345391827.0,2,4600
5460,9780807006924.0,2,12600
5461,9780345337665.0,2,4600
5462,9780345391803.0,2,3800
5463,9780345391810.0,2,3900
5464,9781368069113.0,2,9600
5465,9780345336972.0,2,4500
5466,9780345343352.0,2,4200
5468,9789939754635.0,2,2900
5469,9789939754185.0,2,3200
5470,9789939663500.0,2,3500
5471,9781784877750.0,2,9800
5472,9780099428848.0,2,7300
5473,9781405926751.0,2,5300
5474,9781405918787.0,2,6500
5475,9780241512425.0,2,12200
5476,9780099286837.0,2,5700
5477,9780099284765.0,2,5700
5478,9780552996099.0,2,5600
5479,9781784878061.0,2,5900
5480,9783462051476.0,2,11600
5481,9780241590546.0,2,6300
5482,9781398521124.0,2,6100
5483,9781444788648.0,2,7300
5484,9781473676398.0,2,7200
5486,9780349434315.0,2,7200
5489,9781471148590.0,2,6500
5490,9781398518179.0,2,8600
5491,9781398518162.0,2,10400
5492,9781398521179.0,2,6400
5493,9781471125676.0,2,6100
5494,9781471132810.0,2,6700
5495,9781471130533.0,2,6100
5496,9781471154621.0,2,6400
5497,9781471174018.0,2,6500
5498,9781529024043.0,2,6300
5499,9781509854127.0,2,5900
5500,9781509826674.0,2,6300
5501,9781509827831.0,2,6300
5502,9781509841875.0,2,6300
5503,9781509826704.0,2,6200
5504,9781909621862.0,2,5700
5505,9781909621923.0,2,5700
5506,9781909621886.0,2,5700
5507,9781909621855.0,2,5700
5508,9781509889761.0,2,5500
5509,9781909621909.0,2,5500
5510,9781529048001.0,2,6300
5512,9781035012909.0,2,11200
5513,9780330535519.0,2,9100
5514,9781447294016.0,2,8600
5515,9781035003761.0,2,5800
5516,9781909621701.0,2,6300
5517,9781509827800.0,2,6300
5518,9781509844760.0,2,8900
5519,9781509899807.0,2,5800
5520,9781509827770.0,2,6600
5521,9781509879236.0,2,5400
5522,9781509842896.0,2,6300
5523,9781509825400.0,2,6300
5524,9781509825363.0,2,7200
5525,9781509825455.0,2,8200
5526,9781509827749.0,2,7700
5527,9781909621732.0,2,6300
5528,9781909621992.0,2,6600
5529,9781509827978.0,2,7100
5530,9781509826391.0,2,6400
5531,9781509842889.0,2,6900
5532,9781909621596.0,2,6300
5533,9780241573761.0,2,6600
5534,9780241573631.0,2,5400
5535,9780099289821.0,2,6200
5536,9780099518471.0,2,5800
5537,9781804990414.0,2,5900
5538,9780241376942.0,2,5900
5539,9780141375656.0,2,5400
5540,9780241562017.0,2,5400
5541,9780241573709.0,2,5800
5542,9780241972700.0,2,5800
5543,9781405916363.0,2,5900
5544,9780141199337.0,2,4900
5545,9783462050943.0,2,9800
5546,9783462050936.0,2,12500
5547,9783103481242.0,2,15900
5548,9783103481280.0,2,20600
5549,9783462046335.0,2,8300
5550,9783462042665.0,2,8300
5551,9783570552131.0,2,14100
5552,9783596148646.0,2,11400
5553,9783596294282.0,2,16300
5554,9783257261349.0,2,9600
5555,9785171525705.0,2,4300
5556,9780099552147.0,2,4600
5557,9785041691745.0,2,9200
5558,9781447250975.0,2,6100
5559,9781781255650.0,2,7100
5560,9781399705417.0,2,14200
5561,9780571283873.0,2,7100
5562,9781911630388.0,2,6400
5563,9781760295189.0,2,7200
5564,9781786896865.0,2,6100
5565,9781782113805.0,2,6700
5566,9781786896421.0,2,6100
5567,9781782114413.0,2,8200
5568,9781982173821.0,2,6800
5569,9781398505209.0,2,5600
5570,9781398505247.0,2,5900
5571,9781398515697.0,2,5900
5572,9781398519732.0,2,6700
5573,9781471133435.0,2,6100
5574,9781471135514.0,2,5900
5575,9781471136726.0,2,6400
5577,9781471182310.0,2,5300
5578,9781471192647.0,2,5600
5579,9781471199660.0,2,10900
5580,9780008556174.0,2,5900
5581,9781847494986.0,2,5700
5582,9780714548487.0,2,9900
5583,9781847496348.0,2,9100
5584,9781847494788.0,2,6300
5585,9781787333840.0,2,10200
5586,9780099537083.0,2,6800
5587,9785171347031.0,2,4700
5588,9785171507886.0,2,2400
5589,9781526604637.0,2,6600
5590,9780099771814.0,2,8100
5591,9781784701857.0,2,7900
5592,9781841593715.0,2,9500
5593,9780241215760.0,2,9200
5594,9780141399102.0,2,7900
5595,9780141399126.0,2,7200
5596,9780141399119.0,2,7200
5597,9780241215746.0,2,8200
5598,9780099540328.0,2,7900
5599,9780140449877.0,2,9400
5600,9780099537175.0,2,6800
5601,9780099537168.0,2,7200
5602,9780099267546.0,2,5700
5603,9780241980347.0,2,5400
5604,9781857152807.0,2,10400
5605,9780241348079.0,2,5200
5606,9780241435168.0,2,7500
5607,9781784875565.0,2,6800
5608,9781787464209.0,2,5600
5609,9781529111712.0,2,5900
5610,9780857524454.0,2,11800
5611,9781529124316.0,2,11400
5612,9780007221523.0,2,5800
5613,9781847497550.0,2,6400
5614,9781847493170.0,2,5300
5615,9781847497758.0,2,4800
5616,9780099460923.0,2,5600
5617,9781847497963.0,2,6800
5618,9781847497635.0,2,5100
5619,9780008485160.0,2,5900
5620,9780586044568.0,2,5900
5622,9781473233782.0,2,6700
5623,9781786277527.0,2,5200
5624,9781526606266.0,2,4600
5625,9781847492128.0,2,8100
5626,9781847498755.0,2,5800
5627,9781526604750.0,2,6500
5628,9781408867068.0,2,7400
5629,9780340960387.0,2,7400
5630,9781474623124.0,2,11800
5631,9780349429489.0,2,6600
5632,9780349429441.0,2,6500
5633,9781409163909.0,2,6800
5634,9780349429793.0,2,6700
5635,9781408726600.0,2,6500
5636,9781982131197.0,2,5200
5637,9781982131166.0,2,5200
5640,9781786892737.0,2,6400
5641,9781841597553.0,2,6900
5642,9780099448884.0,2,5700
5643,9780141049267.0,2,5400
5644,9780099551744.0,2,4900
5645,9780099528562.0,2,6100
5646,9780241952443.0,2,5900
5647,9781841598055.0,2,6800
5648,9780241970942.0,2,5900
5649,9780718183219.0,2,5900
5650,9781841598239.0,2,6800
5651,9780571333714.0,2,4800
5652,9781786751171.0,2,4400
5653,9780571346769.0,2,6900
5654,9780007166046.0,2,4600
5655,9780007551804.0,2,4100
5656,9781444723557.0,2,7100
5657,9781846689192.0,2,7200
5658,9781473231122.0,2,8200
5659,9781473231115.0,2,7800
5660,9781473231092.0,2,7900
5661,9781473231108.0,2,7900
5662,9781409184829.0,2,7900
5663,9781472151858.0,2,7200
5664,9780349139258.0,2,7900
5665,9780349139630.0,2,8900
5666,9789939923321.0,2,2800
5667,9780571229154.0,2,12700
5668,9781848873780.0,2,6800
5669,9780571038480.0,2,6700
5670,9780571330317.0,2,5900
5671,9780571276554.0,2,6300
5672,9781911630890.0,2,9800
5673,9780571327256.0,2,9900
5674,9780571166930.0,2,6500
5675,9780571338665.0,2,11200
5676,9780571276646.0,2,6600
5677,9780571227495.0,2,7800
5678,9780571173372.0,2,8200
5679,9780571179435.0,2,7200
5680,9780571327355.0,2,9900
5681,9781843548867.0,2,5500
5682,9780571197774.0,2,6900
5683,9780571215515.0,2,6300
5684,9780571195671.0,2,6800
5685,9780571333394.0,2,7200
5686,9780571324644.0,2,7900
5687,9780099577096.0,2,6400
5688,9780552573344.0,2,5400
5689,9780552573351.0,2,4600
5690,9780141182452.0,2,5400
5691,9780007532780.0,2,6300
5692,9780007318384.0,2,6200
5693,9780099530367.0,2,3600
5694,9780099594215.0,2,7400
5695,9785171076917.0,2,4300
5696,9780571272136.0,2,6300
5697,9780099532811.0,2,5600
5698,9780241979464.0,2,5800
5699,9780007557691.0,2,5900
5700,9780008196387.0,2,4800
5701,9780008376086.0,2,5500
5702,9780007232444.0,2,5800
5703,9780008263027.0,2,5100
5704,9780008196530.0,2,4800
5705,9780008196332.0,2,4800
5706,9780008196370.0,2,4800
5707,9780007269761.0,2,5800
5708,9780008196363.0,2,4800
5709,9780007284740.0,2,5700
5710,9780008123208.0,2,4800
5711,9780007356348.0,2,6100
5712,9780099511151.0,2,4900
5713,9781784874858.0,2,7600
5714,9780141197470.0,2,8800
5715,9780099581529.0,2,8200
5716,9780571315079.0,2,7300
5717,9780755322817.0,2,7200
5718,9780006479673.0,2,5900
5719,9781444727333.0,2,8900
5720,9781444720693.0,2,6500
5721,9781780622316.0,2,6400
5722,9780349111889.0,2,9400
5723,9780340822784.0,2,8800
5724,9781473200852.0,2,9800
5725,9780349144337.0,2,7100
5726,9780349117546.0,2,9200
5727,9780349121086.0,2,10600
5728,9781444707861.0,2,8500
5729,9781473666931.0,2,8400
5730,9781473222175.0,2,12700
5731,9781444720716.0,2,7200
5732,9780340936290.0,2,8700
5733,9781510105249.0,2,6300
5734,9781510105256.0,2,5600
5735,9781780622286.0,2,6900
5736,9781409151838.0,2,8400
5737,9780099458234.0,2,4600
5738,9780349109237.0,2,9500
5739,9780575115347.0,2,8400
5740,9781473226401.0,2,6600
5741,9781472155368.0,2,7900
5742,9781472228420.0,2,6500
5743,9781472108142.0,2,8600
5744,9781473200661.0,2,11200
5745,9781444796513.0,2,6800
5746,9781409181637.0,2,6900
5747,9781444720730.0,2,8500
5748,9781444755664.0,2,8700
5749,9780349139180.0,2,8500
5750,9781444799439.0,2,13300
5751,9781472154668.0,2,6700
5752,9780261103344.0,2,5400
5756,9785699845408.0,2,3800
5757,9780241985540.0,2,7100
5758,9780241408810.0,2,12200
5759,9781529111989.0,2,7900
5760,9780552173049.0,2,5900
5761,9781405919463.0,2,6100
5762,9781405921565.0,2,5900
5763,9781405931564.0,2,6100
5764,9781784872236.0,2,5500
5765,9781784870836.0,2,5200
5766,9780552779739.0,2,6100
5767,9780241955062.0,2,6500
5768,9780241954539.0,2,6500
5769,9781841593395.0,2,9200
5770,9780141041155.0,2,5800
5771,9780099511595.0,2,4800
5772,9780141187884.0,2,5800
5773,9780099478263.0,2,5500
5774,9780099421863.0,2,7100
5775,9781857152197.0,2,10400
5776,9781857157154.0,2,6800
5777,9781857157116.0,2,6800
5778,9781857157109.0,2,6800
5779,9780099140016.0,2,8100
5780,9781857151336.0,2,9900
5781,9781857151343.0,2,9100
5782,9781857150094.0,2,9500
5783,9780755322800.0,2,6600
5784,9781471154225.0,2,3800
5785,9781473207837.0,2,6500
5786,9780755305094.0,2,7400
5787,9781841597973.0,2,5900
5788,9780099590378.0,2,5700
5789,9781408855683.0,2,6600
5790,9781786495259.0,2,6400
5791,9781526602718.0,2,8400
5792,9780747573647.0,2,7400
5793,9781526626561.0,2,10300
5794,9780714548500.0,2,9200
5795,9781408855690.0,2,6900
5796,9781526611741.0,2,8600
5797,9781847497154.0,2,8500
5800,9781847496164.0,2,4900
5801,9781408871775.0,2,7900
5802,9781847497987.0,2,8500
5803,9781408896945.0,2,5100
5804,9781526604736.0,2,4700
5805,9781526604767.0,2,5200
5807,9781847498021.0,2,6300
5808,9781847496683.0,2,5600
5810,9781408855713.0,2,6600
5811,9781408855706.0,2,8800
5812,9780571326266.0,2,6400
5813,9780571144563.0,2,7300
5814,9780571238101.0,2,6200
5815,9780571316496.0,2,6900
5816,9780571206926.0,2,5900
5817,9780571194711.0,2,5800
5818,9780571283880.0,2,7100
5819,9780571258246.0,2,7100
5820,9780571349203.0,2,6300
5821,9780571356904.0,2,3100
5822,9780571356881.0,2,4700
5823,9780571342723.0,2,6800
5824,9780571359059.0,2,6800
5825,9780571351169.0,2,8900
5826,9780571351046.0,2,6300
5827,9780571334650.0,2,7100
5828,9780571338757.0,2,7200
5831,9780199536504.0,2,7650
5832,9780199540150.0,2,5400
5833,9780199536146.0,2,7650
5834,9780199536818.0,2,7650
5835,9780199536726.0,2,6900
5836,9780199538423.0,2,7900
5837,9780199535910.0,2,7650
5838,9780099478287.0,2,5300
5839,9781473217980.0,2,5800
5840,9780099477785.0,2,7200
5841,9780099273974.0,2,5800
5842,9780099388616.0,2,8200
5843,9780007341931.0,2,2900
5845,9781782064305.0,2,3100
5846,9780575132528.0,2,4400
5847,9780099555940.0,2,5500
5848,9780552778336.0,2,5900
5849,9780749399467.0,2,6800
5850,9780241986479.0,2,5800
5851,9780241982716.0,2,6400
5852,9780140439908.0,2,5800
5853,9780718157845.0,2,6100
5854,9780241955765.0,2,5500
5855,9780141191560.0,2,7800
5856,9780141190167.0,2,6900
5857,9780141186887.0,2,5600
5858,9780749390549.0,2,7200
5859,9781857989380.0,2,6700
5860,9780099285045.0,2,5600
5861,9780755322824.0,2,6400
5862,9781841596259.0,2,6800
5863,9781841597492.0,2,6800
5864,9780753518151.0,2,7800
5865,9780099578079.0,2,10900
5866,9780749397579.0,2,7800
5867,9781784875411.0,2,8100
5868,9780552141123.0,2,7800
5869,9781784875541.0,2,7800
5870,9780099532514.0,2,5700
5871,9780099541660.0,2,5600
5872,9781784705374.0,2,5600
5873,9780099458326.0,2,6100
5874,9780099448761.0,2,5900
5875,9780099590187.0,2,8400
5876,9780099555162.0,2,6600
5877,9780099422471.0,2,7100
5878,9780099422488.0,2,7800
5879,9780099276456.0,2,7900
5880,9780552159715.0,2,6200
5881,9780099437598.0,2,5600
5882,9781784870362.0,2,4900
5883,9780099552352.0,2,4900
5884,9780099582144.0,2,6800
5885,9780099455493.0,2,5700
5886,9780099581499.0,2,7200
5887,9780099581536.0,2,5900
5888,9780099516224.0,2,7800
5889,9781784873189.0,2,5800
5890,9780099399018.0,2,7200
5891,9780099555926.0,2,6800
5892,9780099490623.0,2,7800
5893,9780099511700.0,2,4600
5894,9780552160896.0,2,6300
5895,9780099511557.0,2,4400
5896,9780099511175.0,2,4700
5897,9780099511861.0,2,6400
5898,9781784872663.0,2,3100
5899,9780143129141.0,2,9400
5900,9780141046754.0,2,6400
5901,9780241972908.0,2,5800
5902,9780141184999.0,2,6100
5903,9780141190198.0,2,4600
5904,9780241304280.0,2,6800
5905,9780141393513.0,2,6800
5906,9780141346045.0,2,5300
5907,9780141372181.0,2,7400
5908,9780141364155.0,2,7500
5909,9785040936533.0,2,3600
5910,9789939753898.0,2,2500
5911,9780525431886.0,2,7200
5912,9780575085312.0,2,5800
5913,9781409180449.0,2,4100
5914,9780857056313.0,2,5200
5915,9780330544566.0,2,4200
5917,9781447202820.0,2,4600
5918,9781473217423.0,2,5400
5919,9780751573756.0,2,6400
5920,9780330541381.0,2,2600
5921,9780099599883.0,2,2500
5922,9780099528494.0,2,5200
5923,9780099528531.0,2,6900
5924,9780241951521.0,2,5200
5926,9780575084346.0,2,5500
5927,9780099541523.0,2,5800
5928,9780753513873.0,2,7200
5929,9781526617163.0,2,7600
5930,9781668025895.0,2,6400
5931,9780241685051.0,2,6200
5932,9781529150544.0,2,9400
5933,9780241996546.0,2,5200
5934,9781529074413.0,2,5900
5935,9780241520796.0,2,3400
5936,9780141198965.0,2,4700
5937,9780241747001.0,2,3400
5938,9780099922803.0,2,7200
5939,9780241746851.0,2,3400
5940,9780241752098.0,2,3400
5941,9780241752074.0,2,3400
5942,9780241747018.0,2,3400
5943,9780241752258.0,2,3400
5944,9780241752265.0,2,3400
5945,9780241746912.0,2,3400
5946,9780241752173.0,2,3400
5947,9780241746929.0,2,3400
5948,9780241553466.0,2,3400
5949,9780241588987.0,2,3400
5950,9780241636824.0,2,3400
5951,9780241375266.0,2,3400
5952,9780241397947.0,2,3400
5953,9781529077155.0,2,5900
5954,9781509889174.0,2,6100
5955,9780261103573.0,2,5900
5956,9780008501853.0,2,6100
5957,9780349439259.0,2,7900
5958,9780571365470.0,2,9800
5959,9780571382316.0,2,6800
5960,9781526617170.0,2,7700
5961,9781529020991.0,2,6300
5962,9785171220860.0,2,4200
5963,9785041997021.0,2,5200
5964,9785041961077.0,2,5200
6001,9780241430897.0,2,3300
6002,9780241430972.0,2,3400
6003,9780241430934.0,2,3300
6004,9780241463277.0,2,3300
6005,9780241458853.0,2,4900
6006,9780241458877.0,2,5700
6007,9780241463338.0,2,3400
6008,9780241463314.0,2,3300
6009,9780241520642.0,2,3300
6010,9780241597262.0,2,5700
6011,9780241630778.0,2,5700
6012,9780141198958.0,2,5900
6013,9780141398693.0,2,1700
6014,9780241372609.0,2,5900
6015,9780593537619.0,2,12100
6016,9780593098240.0,2,5900
6017,9780593512463.0,2,5500
6018,9780451166890.0,2,7200
6019,9780593109069.0,2,6600
6020,9780008478674.0,2,6700
6022,9780008610678.0,2,5800
6023,9781787636552.0,2,9400
6025,9780241261897.0,2,4500
6026,9780954221713.0,2,6400
6027,9781529111798.0,2,5600
6028,9780241983256.0,2,5700
6029,9780241425138.0,2,8900
6030,9780241992234.0,2,5900
6031,9781784877200.0,2,5600
6032,9781529157147.0,2,5800
6033,9780241599198.0,2,5200
6034,9780241636015.0,2,5400
6035,9781804940877.0,2,5800
6036,9781405957410.0,2,6400
6037,9781784878559.0,2,5800
6038,9781784878528.0,2,5800
6039,9780241657744.0,2,5600
6040,9780241337004.0,2,9600
6041,9781784703301.0,2,6400
6042,9780140436037.0,2,5400
6043,9780099140115.0,2,5100
6044,9780141018980.0,2,4400
6045,9780141187204.0,2,5600
6046,9780141182605.0,2,5400
6047,9780099554790.0,2,6200
6048,9780143122364.0,2,12500
6049,9780141389400.0,2,4800
6050,9780241969878.0,2,5400
6051,9781784704704.0,2,3900
6052,9781857155228.0,2,8100
6053,9781784878696.0,2,11200
6054,9780241575543.0,2,8600
6055,9780241523674.0,2,8800
6056,9780241542286.0,2,7400
6057,9781473615861.0,2,6600
6058,9780349436326.0,2,6600
6059,9780349438344.0,2,6400
6061,9781035011582.0,2,9200
6062,9781510106284.0,2,11900
6063,9781510107038.0,2,13600
6064,9781408725795.0,2,6700
6065,9781408725771.0,2,5900
6066,9781534467637.0,2,6100
6067,9781405942256.0,2,6200
6068,9780241391914.0,2,5100
6069,9780241457573.0,2,6500
6070,9781804990926.0,2,5900
6071,9781784874001.0,2,5700
6072,9781787462144.0,2,5900
6073,9780241472477.0,2,5100
6074,9781784700447.0,2,5800
6075,9781784870874.0,2,5300
6076,9780141391496.0,2,5600
6077,9780143104865.0,2,5900
6078,9780099494096.0,2,6100
6080,9780142422939.0,2,6100
6082,9780375727016.0,2,8800
6083,9780679725169.0,2,7900
6084,9780441007462.0,2,7900
6085,9780593085424.0,2,7900
6086,9780812972443.0,2,7300
6087,9780345391834.0,2,4200
6088,9781529005424.0,2,11400
6089,9781509892983.0,2,5900
6090,9781035003785.0,2,5900
6091,9780099449256.0,2,6800
6093,9789939754192.0,2,3500
6094,9789939754208.0,2,2900
6095,9780811200325.0,2,10500
6096,9780811204811.0,2,9700
6098,9780356507651.0,2,3900
6099,9781784877712.0,2,8300
6100,9781784161101.0,2,4800
6101,9781529100907.0,2,5900
6102,9780241621905.0,2,13500
6103,9780099584353.0,2,5200
6104,9780141199870.0,2,4600
6105,9780099557029.0,2,5200
6106,9780099908401.0,2,4400
6107,9780141185262.0,2,5800
6108,9781784878092.0,2,5400
6109,9781784877187.0,2,5500
6110,9780241573730.0,2,5600
6111,9781444707854.0,2,9200
6112,9781444707441.0,2,6900
6113,9781444761184.0,2,6800
6114,9781473698956.0,2,6900
6115,9781473666948.0,2,8300
6116,9781529391534.0,2,13400
6117,9781529375077.0,2,6800
6118,9781529365702.0,2,6100
6119,9781408725764.0,2,6600
6120,9781509850945.0,2,6200
6121,9781909621664.0,2,6600
6122,9781509850907.0,2,7200
6123,9781529021073.0,2,6300
6124,9781509843992.0,2,6400
6125,9781509828067.0,2,6300
6126,9781909621626.0,2,6500
6127,9781509843312.0,2,6300
6128,9781509844548.0,2,6200
6129,9781909621916.0,2,5100
6130,9781529021066.0,2,5600
6131,9781529095241.0,2,9100
6132,9781529077162.0,2,6400
6133,9781529077261.0,2,5900
6135,9781529045857.0,2,5700
6136,9781509886067.0,2,6200
6137,9781529039436.0,2,5900
6138,9781529050868.0,2,5700
6139,9781509898411.0,2,5600
6140,9781509848621.0,2,6100
6141,9780330447430.0,2,8400
6142,9781509827794.0,2,6700
6143,9781509869367.0,2,7700
6144,9781509850921.0,2,5900
6145,9781509825394.0,2,8300
6146,9781909621749.0,2,5900
6147,9781509842933.0,2,7200
6148,9781509857449.0,2,7900
6149,9780241573693.0,2,5800
6150,9780099273967.0,2,4900
6151,9781405937832.0,2,5800
6152,9780552773805.0,2,5100
6153,9780552167550.0,2,5900
6154,9780241623640.0,2,10900
6155,9780241376928.0,2,5400
6156,9780141198835.0,2,4700
6157,9780141375632.0,2,5600
6158,9781409150725.0,2,6700
6159,9780241954355.0,2,3900
6160,9780241980651.0,2,3900
6161,9781683831044.0,2,6800
6162,9780753826492.0,2,5600
6163,9781784877705.0,2,4800
6164,9780349431918.0,2,5200
6165,9781473222366.0,2,3600
6166,9780575099487.0,2,4600
6167,9781447250937.0,2,4800
6168,9780330544580.0,2,5400
6169,9780241540527.0,2,5600
6170,9780141198262.0,2,3800
6171,9780857504654.0,2,4600
6172,9781782116660.0,2,4800
6173,9780753539880.0,2,4800
6174,9780241583852.0,2,3500
6175,9780241956328.0,2,3900
6176,9781912714018.0,2,14200
6177,9781529401660.0,2,3600
6178,9781788165440.0,2,5500
6179,9781838858476.0,2,5900
6180,9780571364909.0,2,6700
6181,9780571365449.0,2,7200
6182,9781786899002.0,2,6100
6183,9781782114086.0,2,5900
6184,9781786890429.0,2,6100
6185,9780571375448.0,2,6400
6186,9780857862648.0,2,6200
6187,9781786891648.0,2,6900
6188,9780571218318.0,2,7300
6189,9781786890467.0,2,6100
6190,9781786890443.0,2,5600
6191,9781848876217.0,2,5800
6192,9781607109471.0,2,8400
6193,9781645173625.0,2,8200
6194,9781398505278.0,2,5700
6195,9781398515628.0,2,6500
6196,9781471165825.0,2,8900
6197,9781471166204.0,2,6400
6198,9781471173936.0,2,5300
6199,9781471185090.0,2,5300
6200,9781471196720.0,2,8200
6201,9781847394071.0,2,6200
6202,9781849831550.0,2,6300
6203,9781607105510.0,2,8600
6204,9780008308933.0,2,6500
6205,9780008229689.0,2,5500
6206,9780008478292.0,2,12600
6208,9781405297752.0,2,4900
6209,9781405298605.0,2,5200
6210,9781449474256.0,2,6500
6211,9781847497192.0,2,4800
6212,9781526652065.0,2,4400
6213,9781847492401.0,2,9900
6214,9781529176759.0,2,5400
6215,9781787333826.0,2,10600
6216,9781784744786.0,2,7600
6217,9781529112399.0,2,4800
6218,9780099554288.0,2,4800
6219,9780099551577.0,2,3400
6220,9780099909101.0,2,3600
6221,9781784871895.0,2,3800
6222,9780099582748.0,2,3600
6223,9780099573883.0,2,3200
6224,9781847492593.0,2,6500
6225,9781408850046.0,2,5800
6226,9780552779586.0,2,3900
6227,9780099530435.0,2,3800
6228,9781784875633.0,2,3200
6229,9780099577935.0,2,4800
6230,9781784874544.0,2,4600
6231,9781784877729.0,2,4200
6232,9781784161750.0,2,5200
6233,9781784702052.0,2,7800
6234,9780141396514.0,2,6400
6235,9781784757526.0,2,6400
6236,9780241468647.0,2,9900
6237,9780241975893.0,2,5600
6238,9780141396590.0,2,6300
6239,9780141396507.0,2,6500
6240,9780141396460.0,2,6400
6241,9780141399140.0,2,5800
6242,9780141396477.0,2,6400
6243,9780141399133.0,2,6900
6244,9780141397528.0,2,1800
6245,9780099490661.0,2,7200
6246,9780099421887.0,2,6200
6247,9780141441412.0,2,8200
6248,9780141189208.0,2,5900
6249,9780141189345.0,2,5800
6250,9780099511267.0,2,5600
6251,9780099511892.0,2,6500
6252,9780099530350.0,2,6200
6253,9780141049250.0,2,5400
6254,9780099537090.0,2,6100
6255,9780241965269.0,2,5400
6256,9780099589341.0,2,5500
6257,9780099999003.0,2,7900
6258,9781780877488.0,2,3400
6259,9780140436846.0,2,6600
6260,9780241980330.0,2,6200
6261,9781784163402.0,2,5600
6262,9780241339589.0,2,1600
6263,9781784870577.0,2,6800
6264,9780241348062.0,2,6900
6265,9781405930239.0,2,5900
6266,9780241348086.0,2,5100
6267,9780241396865.0,2,7200
6268,9780241295977.0,2,7200
6269,9781529110685.0,2,5600
6270,9781405930253.0,2,6400
6271,9781784707422.0,2,5800
6272,9780241396094.0,2,11400
6273,9780007287024.0,2,6400
6274,9780007414987.0,2,6400
6275,9780007524303.0,2,6400
6276,9780008138301.0,2,6300
6277,9781847492227.0,2,7900
6278,9781526624062.0,2,5600
6279,9781526615893.0,2,7200
6280,9780747573999.0,2,7800
6281,9781847498212.0,2,6400
6282,9781526622426.0,2,11800
6283,9781847495815.0,2,5200
6284,9781847494160.0,2,5200
6285,9781408865682.0,2,4400
6286,9781406387971.0,2,8700
6287,9781912714940.0,2,14200
6288,9781912714681.0,2,14200
6289,9781912714919.0,2,10600
6290,9781912714971.0,2,14200
6292,9780008264338.0,2,5700
6293,9780008342289.0,2,5900
6294,9780008478650.0,2,9800
6295,9780008485122.0,2,5900
6296,9780340895931.0,2,7200
6297,9781780227283.0,2,7300
6298,9781473233805.0,2,6500
6299,9781847493729.0,2,3900
6300,9781912714926.0,2,14200
6301,9781912714278.0,2,14200
6302,9781912714025.0,2,14200
6303,9781847497956.0,2,6500
6304,9781847498601.0,2,6500
6305,9781847498595.0,2,6800
6306,9781847493095.0,2,6500
6307,9781847496126.0,2,4500
6308,9781847497413.0,2,5900
6309,9781847497918.0,2,7100
6310,9781847496089.0,2,4200
6311,9781408891384.0,2,6600
6312,9781847498762.0,2,9100
6313,9781846883965.0,2,5600
6314,9781526604743.0,2,7900
6315,9780747589358.0,2,4600
6316,9781847493521.0,2,4700
6317,9781847498588.0,2,4200
6318,9781847498571.0,2,4900
6319,9781847496096.0,2,4900
6320,9781847497826.0,2,5200
6321,9780099548270.0,2,3800
6323,9781474601573.0,2,7900
6324,9780349429458.0,2,7200
6325,9780349429472.0,2,7200
6326,9780349429465.0,2,7200
6327,9781473223790.0,2,6400
6328,9781473235106.0,2,6100
6329,9781474603430.0,2,7200
6330,9780753823293.0,2,7200
6331,9780349429212.0,2,6600
6332,9781787474413.0,2,7200
6333,9789939753171.0,2,2500
6334,9781982131142.0,2,5200
6335,9781982131180.0,2,5200
6336,9781982131159.0,2,5200
6337,9781857152890.0,2,14800
6338,9780749397050.0,2,8200
6339,9781847670403.0,2,10600
6340,9781782117247.0,2,6900
6341,9780099466734.0,2,5800
6342,9780099448785.0,2,5900
6343,9781841597430.0,2,7800
6344,9781857150964.0,2,32900
6345,9781857150582.0,2,14200
6346,9780141191447.0,2,7100
6347,9780099549482.0,2,5200
6348,9781841596075.0,2,7800
6349,9780552778626.0,2,6500
6350,9780141198064.0,2,6900
6351,9781841597966.0,2,6800
6352,9780241303122.0,2,7500
6353,9781784706937.0,2,5800
6354,9780241434994.0,2,10800
6355,9780241988268.0,2,5900
6356,9781787303133.0,2,11200
6357,9781910701720.0,2,11400
6358,9780552177306.0,2,7500
6360,9781509892846.0,2,4800
6361,9780571367863.0,2,14400
6362,9780571361625.0,2,7800
6363,9781789462937.0,2,4600
6364,9780575099432.0,2,4600
6365,9780571366699.0,2,8300
6366,9780007270613.0,2,7700
6367,9780722532935.0,2,5600
6368,9780571365432.0,2,9400
6369,9780571191475.0,2,6900
6370,9780571346721.0,2,6400
6371,9780008308902.0,2,11200
6372,9781788166355.0,2,7900
6373,9780751549256.0,2,6900
6374,9781781253168.0,2,6200
6375,9781781255681.0,2,6500
6376,9781781258644.0,2,7400
6377,9781781256480.0,2,5400
6378,9780751549263.0,2,8100
6379,9781473231078.0,2,6700
6380,9781473231085.0,2,8200
6381,9780751563597.0,2,8200
6382,9780751581294.0,2,7500
6383,9780349139203.0,2,7200
6384,9781444705096.0,2,7200
6385,9780340937983.0,2,7100
6386,9781473676435.0,2,6400
6387,9781473226135.0,2,12200
6388,9781529347869.0,2,6200
6389,9781913166243.0,2,5900
6390,9780553213744.0,2,4300
6391,9780316769488.0,2,2900
6392,9780399501487.0,2,4200
6393,9781853262418.0,2,4200
6394,9785992506822.0,2,3200
6395,9785521001507.0,2,3200
6396,9785521001781.0,2,2800
6397,9781784871710.0,2,3200
6398,9780375842207.0,2,6500
6399,9781784871741.0,2,4100
6400,9780007350773.0,2,3600
6401,9785699920655.0,2,1900
6402,9780571241705.0,2,6300
6403,9780571244591.0,2,6100
6404,9780571309696.0,2,6300
6405,9780571322732.0,2,6600
6406,9780571326082.0,2,6900
6407,9780571222995.0,2,6400
6408,9780571275960.0,2,6400
6409,9780571243723.0,2,9700
6410,9780571314355.0,2,9600
6411,9780571226160.0,2,6300
6413,9781838950040.0,2,6400
6414,9780571322725.0,2,6300
6415,9780571276004.0,2,6700
6416,9780241475249.0,2,6300
6417,9781857157246.0,2,6900
6418,9780552576796.0,2,4700
6419,9780141047546.0,2,7900
6420,9780241951613.0,2,5400
6421,9780141198972.0,2,5600
6422,9781862305274.0,2,6900
6423,9780141032948.0,2,4500
6424,9781787302600.0,2,13600
6425,9780141012698.0,2,5900
6426,9780141182247.0,2,7700
6427,9780552569163.0,2,6200
6428,9781405930208.0,2,6600
6429,9781841157481.0,2,9300
6430,9781841154930.0,2,6200
6431,9780199535798.0,2,7200
6432,9780099470472.0,2,7900
6433,9780199535897.0,2,7200
6434,9781473202375.0,2,2800
6435,9780099578543.0,2,3100
6436,9780007548262.0,2,5800
6437,9785170789016.0,2,6000
6438,9785521008773.0,2,7900
6439,9781408824863.0,2,8400
6440,9785949620564.0,2,2900
6441,9785990866515.0,2,1900
6442,9785949621943.0,2,3900
6443,9780751565355.0,2,9900
6444,9780439064873.0,2,4900
6445,9781780876399.0,2,3100
6447,9785990866492.0,2,3900
6448,9780099532927.0,2,5900
6449,9785699424207.0,2,1900
6450,9780241980637.0,2,3500
6451,9780241374597.0,2,9200
6452,9785949621622.0,2,2700
6453,9780571339013.0,2,3800
6454,9785949622209.0,2,4700
6455,9781784160012.0,2,3100
6456,9780007878970.0,2,3000
6457,9785949620540.0,2,2300
6458,9780575075207.0,2,3800
6459,9780099561293.0,2,7300
6460,9780141036601.0,2,7400
6461,9780099287155.0,2,6900
6462,9781784162122.0,2,7300
6463,9780701186050.0,2,4000
6464,9780199555086.0,2,9150
6465,9781783350575.0,2,3300
6466,9780199538881.0,2,7200
6467,9780199536269.0,2,6700
6468,9781783292820.0,2,3300
6469,9780141025209.0,2,3300
6470,9780330508537.0,2,2900
6471,9780330508599.0,2,2900
6472,9781780335971.0,2,3200
6473,9780749008055.0,2,3200
6474,9781472241313.0,2,900
6475,9781786484406.0,2,3400
6476,9780099513698.0,2,2700
6477,9780141183442.0,2,3000
6478,9781849015882.0,2,2900
6479,9781841192482.0,2,4600
6480,9781474845113.0,2,1800
6481,9781474871730.0,2,1800
6483,9781473223288.0,2,3000
6484,9780747545187.0,2,3200
6485,9781473211544.0,2,3100
6486,9780575084841.0,2,3200
6487,9781447299844.0,2,3000
6488,9780575090941.0,2,3100
6489,9781405277808.0,2,2600
6490,9781405283939.0,2,2600
6491,9781405284028.0,2,3900
6492,9781849907491.0,2,3600
6493,9780141355078.0,2,5400
6494,9781784752637.0,2,6500
6495,9781849015912.0,2,2700
6496,9781408856888.0,2,4400
6497,9780751561388.0,2,3100
6498,9781408835180.0,2,3800
6499,9781846973284.0,2,4700
6500,9780099222811.0,2,2900
6501,9781472120038.0,2,4100
6502,9781447292180.0,2,4700
6503,9780751550658.0,2,3500
6504,9780751542417.0,2,3500
6505,9780751550672.0,2,3500
6506,9780751542394.0,2,3500
6507,9781509807833.0,2,4700
6508,9780571364886.0,2,9800
6509,9780571333134.0,2,7200
6510,9780718186616.0,2,12200
6511,9780008234188.0,2,5500
6512,9780007523221.0,2,6200
6513,9780007527526.0,2,5700
6514,9780008196202.0,2,4800
6515,9780008376079.0,2,6500
6516,9780261103252.0,2,12200
6517,9781841150352.0,2,5100
6518,9780007591855.0,2,5800
6519,9780007527533.0,2,5200
6520,9781841157498.0,2,8200
6521,9780008331658.0,2,5800
6522,9780006476580.0,2,7200
6523,9780007491568.0,2,10700
6524,9780008225155.0,2,9200
6525,9780007437849.0,2,6300
6526,9780007590094.0,2,6100
6527,9780008140403.0,2,6400
6529,9781473228283.0,2,4600
6530,9781786495020.0,2,6400
6532,9780753822210.0,2,3800
6533,9780099448921.0,2,4800
6534,9781472261267.0,2,5400
6537,9780349143590.0,2,4600
6539,9780099589693.0,2,4200
6540,9780857525048.0,2,11200
6541,9781841597768.0,2,8700
6542,9781405934138.0,2,6700
6543,9781784871987.0,2,7800
6544,9780241968758.0,2,5800
6545,9780141188935.0,2,7800
6546,9780141046730.0,2,7800
6547,9781784705091.0,2,6300
6548,9780141328294.0,2,6900
6549,9781786495792.0,2,4600
6551,9781784877217.0,2,5600
6552,9780007548927.0,2,6500
6553,9780006490340.0,2,5700
6554,9780006546061.0,2,4800
6555,9781444775815.0,2,6500
6556,9781473616349.0,2,5800
6557,9780349110011.0,2,8600
6558,9780349111025.0,2,8600
6559,9781472261410.0,2,13200
6560,9781472249081.0,2,7100
6561,9780349119526.0,2,8600
6562,9780575079939.0,2,6500
6563,9781444783247.0,2,6300
6564,9781473655324.0,2,8500
6565,9780340960196.0,2,8800
6566,9780224074414.0,2,4900
6567,9781474605731.0,2,6400
6568,9780349116495.0,2,8500
6569,9781529331660.0,2,6100
6570,9781472234353.0,2,7500
6571,9781473227989.0,2,6600
6572,9780349121161.0,2,7800
6573,9781510105263.0,2,6100
6574,9780099529125.0,2,6100
6575,9781473217386.0,2,3800
6576,9781787472020.0,2,3800
6577,9780099479314.0,2,3600
6579,9781841492292.0,2,8800
6580,9780349013060.0,2,8900
6581,9781409194118.0,2,12900
6582,9780751540475.0,2,6400
6583,9781444723540.0,2,7800
6584,9781444720723.0,2,7400
6585,9780340977651.0,2,8700
6586,9781784872724.0,2,2900
6587,9780141182902.0,2,2900
6589,9780099530343.0,2,6900
6590,9781784871635.0,2,3300
6591,9781784871611.0,2,3400
6592,9781471400193.0,2,3200
6593,9780552149525.0,2,6200
6594,9781909531611.0,2,7500
6595,9780141023496.0,2,5400
6597,9781782064282.0,2,3800
6598,9780571326822.0,2,3800
6599,9780349410906.0,2,4700
6600,9780575079755.0,2,7100
6601,9780099286080.0,2,2600
6602,9781471147265.0,2,2900
6603,9781843444619.0,2,3200
6604,9781407230030.0,2,2700
6606,9781847563262.0,2,3000
6608,9781471131547.0,2,2500
6609,9780593073568.0,2,4700
6611,9780099595526.0,2,2500
6612,9780857867285.0,2,2800
6613,9780007921096.0,2,2200
6614,9780099909705.0,2,2700
6615,9781782119944.0,2,3800
6616,9780099524137.0,2,2900
6617,9780241980620.0,2,4800
6618,9781471164736.0,2,3400
6619,9781785763120.0,2,2900
6620,9780141397269.0,2,2400
6621,9780141185576.0,2,4900
6622,9780956251572.0,2,4600
6623,9780439358071.0,2,6300
6624,9780099573586.0,2,7500
6625,9785171035952.0,2,3700
6626,9781784870799.0,2,5600
6627,9781857151831.0,2,14200
6628,9780571237012.0,2,6700
6629,9781841593593.0,2,9500
6630,9780141188126.0,2,3000
6631,9780099740919.0,2,5900
6632,9781784871574.0,2,3100
6633,9781473698925.0,2,4500
6634,9785992507287.0,2,3800
6635,9780091958886.0,2,5200
6636,9780345518842.0,2,3400
6637,9785521001644.0,2,2900
6638,9781847492586.0,2,4800
6639,9780006754022.0,2,3900
6640,9780007449439.0,2,2900
6641,9785992501476.0,2,3400
6642,9781784872847.0,2,3300
6643,9781784872816.0,2,3100
6644,9781784872885.0,2,3400
6645,9780451531186.0,2,3500
6646,9785521001415.0,2,3100
6647,9780451530578.0,2,3700
6648,9780451531070.0,2,3400
6649,9781784871697.0,2,3100
6650,9785992504750.0,2,3700
6651,9781784871666.0,2,3100
6652,9780446310789.0,2,4100
6653,9780486269689.0,2,2800
6654,9780007368617.0,2,3200
6655,9780345538376.0,2,24900
6656,9780007449484.0,2,3900
6657,9781784871734.0,2,3000
6658,9785992505924.0,2,3500
6659,9780008238094.0,2,4400
6660,9780451524935.0,2,3900
6661,9785992505634.0,2,3900
6662,9781784871765.0,2,3900
6663,9781784871680.0,2,4400
6664,9785864717011.0,2,5500
6665,9780007925353.0,2,3300
6666,9785699966851.0,2,3400
6667,9785179833352.0,2,3400
6668,9785171341114.0,2,1900
6669,9785699874606.0,2,3900
6670,9780241338551.0,2,11800
6671,9781784708214.0,2,7400
6672,9780241436301.0,2,4700
6673,9780241436271.0,2,4800
6674,9780241436288.0,2,3400
6675,9780718183240.0,2,5600
6676,9780718181499.0,2,10600
6677,9781841598161.0,2,8600
6678,9781787332164.0,2,14500
6679,9780241986448.0,2,5200
6680,9780552176453.0,2,6400
6681,9781784875329.0,2,7200
6682,9781784708313.0,2,7300
6683,9780241985922.0,2,8900
6684,9780241984758.0,2,8500
6685,9781785152122.0,2,8900
6686,9780241248799.0,2,7200
6687,9780241978887.0,2,5900
6688,9781784870843.0,2,5500
6689,9781784870850.0,2,5100
6690,9781784870867.0,2,6400
6691,9781784870744.0,2,5500
6692,9781405909075.0,2,6200
6693,9781784870737.0,2,5400
6694,9780241972946.0,2,5800
6695,9781784870157.0,2,5900
6696,9780241201909.0,2,6700
6697,9781405918510.0,2,6400
6698,9780241993873.0,2,5600
6699,9780141199078.0,2,4900
6700,9781841597874.0,2,9500
6701,9781841593227.0,2,9800
6702,9780099540083.0,2,6800
6703,9780099511120.0,2,5200
6704,9781857152999.0,2,9500
6705,9780140455106.0,2,4600
6706,9781857152951.0,2,8200
6707,9781857152784.0,2,13200
6708,9781857152777.0,2,9900
6709,9780141187761.0,2,5800
6710,9781857152548.0,2,11800
6711,9780099448754.0,2,7900
6712,9781857151398.0,2,8800
6713,9781857150704.0,2,12400
6714,9780963270702.0,2,6100
6715,9780099578512.0,2,8300
6716,9781857157048.0,2,6800
6717,9781857157079.0,2,6400
6718,9781857151572.0,2,8800
6719,9781857151008.0,2,12900
6720,9781857150568.0,2,9400
6721,9781857150421.0,2,9800
6722,9781857150490.0,2,8800
6723,9781846559211.0,2,11300
6724,9781784871970.0,2,8500
6725,9780141349176.0,2,4800
6726,9780141345659.0,2,6400
6727,9781472249876.0,2,5200
6728,9780241951446.0,2,3400
6729,9780575075184.0,2,4200
6730,9781471192784.0,2,3600
6731,9780241972359.0,2,7900
6732,9780141986678.0,2,3800
6733,9781784873752.0,2,3600
6734,9780571351756.0,2,2400
6735,9780571337545.0,2,4600
6736,9781473222434.0,2,4400
6737,9780575132559.0,2,4400
6738,9781473231139.0,2,7200
6740,9780008325404.0,2,3800
6741,9781780228228.0,2,6800
6742,9781786891679.0,2,4800
6744,9780575074897.0,2,4400
6745,9780575074903.0,2,4200
6747,9781784705916.0,2,6200
6748,9785170948031.0,2,1400
6749,9785170894161.0,2,4100
6750,9785170801152.0,2,2200
6752,9785521005420.0,2,10200
6753,9781760291716.0,2,6800
6754,9785911031145.0,2,2300
6755,9789939912721.0,2,9000
6756,9780857895486.0,2,7600
6757,9781843546535.0,2,6800
6758,9781847493576.0,2,6400
6759,9781526606488.0,2,9600
6760,9781847492791.0,2,5700
6761,9781847492210.0,2,5600
6762,9780747574576.0,2,8600
6763,9780714548517.0,2,5800
6764,9781408891957.0,2,8900
6765,9781847498144.0,2,8400
6766,9781847497369.0,2,8500
6767,9781847494931.0,2,8300
6768,9781847498007.0,2,9200
6769,9781847495853.0,2,8300
6770,9781408891391.0,2,8200
6771,9781847495754.0,2,7900
6772,9781847496041.0,2,8200
6774,9781847494177.0,2,8100
6776,9781526619808.0,2,4900
6777,9781408885307.0,2,6900
6778,9781526604644.0,2,6900
6779,9781847498274.0,2,6400
6780,9781847493736.0,2,6900
6781,9781847493224.0,2,6600
6784,9781847496539.0,2,6700
6786,9781847493811.0,2,4600
6787,9781847493767.0,2,6900
6788,9781784871673.0,2,3400
6789,9780007902408.0,2,2900
6790,9781472245540.0,2,4700
6791,9780718157838.0,2,6100
6792,9780007582235.0,2,5200
6793,9780007350988.0,2,3400
6794,9780486428871.0,2,1900
6795,9785521001941.0,2,2900
6796,9780007902347.0,2,3300
6797,9780451530653.0,2,3900
6798,9780486284729.0,2,2500
6799,9785519498371.0,2,3100
6800,9785521001842.0,2,3000
6801,9780007925551.0,2,4400
6802,9781784872908.0,2,2900
6803,9781853262456.0,2,4300
6804,9781784871628.0,2,4200
6805,9785521001606.0,2,3200
6806,9781408883099.0,2,5600
6807,9788878418714.0,2,3500
6809,9780571339723.0,2,5600
6810,9780571333721.0,2,6800
6811,9780571259519.0,2,6800
6812,9780571328871.0,2,6900
6813,9780571226771.0,2,5400
6814,9780571223435.0,2,5400
6815,9780571194513.0,2,7400
6816,9780571276547.0,2,5800
6817,9780571210985.0,2,11900
6818,9780571226719.0,2,5400
6819,9780571222971.0,2,4800
6820,9780571354771.0,2,6800
6821,9780571349982.0,2,6800
6822,9780571222964.0,2,5400
6823,9780571323272.0,2,6500
6824,9780571330386.0,2,6400
6825,9780571326099.0,2,7500
6826,9780571229116.0,2,6900
6827,9780571081783.0,2,6900
6828,9780571330324.0,2,5500
6829,9780571346912.0,2,7300
6830,9780571220328.0,2,6800
6831,9780571135868.0,2,8100
6832,9780571322800.0,2,7200
6833,9780571351954.0,2,2800
6834,9780571357734.0,2,7600
6835,9780571355822.0,2,3300
6836,9780571135394.0,2,7200
6837,9780571355075.0,2,11200
6838,9780571349975.0,2,6800
6839,9780571340330.0,2,6700
6840,9780571315062.0,2,5800
6841,9780571345106.0,2,7900
6842,9780571105489.0,2,9900
6843,9789993047766.0,2,1200
6844,9785699737215.0,2,3000
6845,9785699703623.0,2,3500
6846,9785389124509.0,2,2600
6847,9785389073272.0,2,3000
6848,9785699875313.0,2,1900
6849,9780199217946.0,2,5400
6850,9780199553853.0,2,8700
6851,9780199538256.0,2,8650
6852,9780199540808.0,2,6900
6853,9780199538782.0,2,5400
6854,9780199535781.0,2,7650
6855,9780521795012.0,2,3200
6856,9789939753713.0,2,4200
6857,9781912894758.0,2,13000
6858,9781407239972.0,2,3000
6859,9781407244099.0,2,3400
6860,9780099478270.0,2,4600
6861,9780099470458.0,2,4600
6862,9780007358380.0,2,3500
6863,9780099734314.0,2,2900
6864,9780141192642.0,2,2900
6865,9780141192673.0,2,3300
6867,9780099877103.0,2,4600
6868,9780099524083.0,2,4800
6869,9780099842606.0,2,7300
6870,9780099429074.0,2,3100
6871,9781405280518.0,2,2700
6872,9781405276276.0,2,2500
6873,9781405275811.0,2,2500
6874,9780553824483.0,2,7200
6875,9780141036595.0,2,4600
6876,9781473217973.0,2,3600
6879,9781407233758.0,2,4200
6882,9781473222281.0,2,3800
6883,9781407246376.0,2,3400
6885,9781594744426.0,2,800
6886,9781473211575.0,2,3200
6887,9780575090972.0,2,3100
6888,9780753804704.0,2,6600
6889,9780241978863.0,2,3600
6890,9780099282648.0,2,3800
6891,9780099526971.0,2,4600
6893,9780099422686.0,2,3700
6894,9780099466031.0,2,7900
6895,9781444706970.0,2,3300
6896,9781782113317.0,2,2900
6898,9780099284796.0,2,7400
6899,9781447201809.0,2,3800
6900,9780091887193.0,2,4200
6902,9781405285414.0,2,2600
6903,9780241980392.0,2,3600
6904,9780141027562.0,2,4200
6905,9780099561378.0,2,2800
6906,9781447203698.0,2,4200
6908,9780141198248.0,2,3500
6909,9780099461890.0,2,2900
6910,9780099458180.0,2,3100
6911,9780099529941.0,2,4800
6912,9780099511755.0,2,9900
6913,9780099466048.0,2,4100
6914,9780099283621.0,2,8500
6916,9780099475118.0,2,3100
6917,9781842435007.0,2,2800
6918,9780330544535.0,2,3300
6919,9780571254767.0,2,3300
6921,9780099448426.0,2,3600
6922,9781857989489.0,2,3200
6923,9780575076716.0,2,3000
6924,9780753810798.0,2,3400
6925,9780099532613.0,2,3400
6926,9781848588974.0,2,3000
6927,9781848588998.0,2,3000
6928,9781782124467.0,2,3200
6929,9780099470465.0,2,4200
6931,9780099530329.0,2,3800
6932,9780099981107.0,2,2900
6933,9780099480716.0,2,2700
6935,9780099430872.0,2,3400
6936,9780141189727.0,2,2700
6937,9780141193731.0,2,3800
6938,9780099429838.0,2,3800
6939,9780099430896.0,2,5700
6940,9780007341924.0,2,2800
6941,9780753518168.0,2,5600
6942,9780330332774.0,2,2800
6945,9780141987903.0,2,2900
6949,9780008117504.0,2,4400
6951,9781509835904.0,2,3100
6953,9781783292868.0,2,3000
6954,9780571297993.0,2,3100
6955,9781783292851.0,2,3000
6956,9780330491204.0,2,2900
6957,9780575132573.0,2,4400
6958,9780575132481.0,2,4400
6959,9780575097667.0,2,4400
6960,9780575097582.0,2,4400
6961,9780575097629.0,2,4400
6962,9780141393186.0,2,7900
6963,9780140444599.0,2,6200
6964,9781784708245.0,2,7400
6965,9781784709082.0,2,6800
6966,9781529112832.0,2,10800
6967,9780099507383.0,2,7900
6969,9780749399528.0,2,5600
6970,9781784875626.0,2,5500
6971,9780099532941.0,2,6200
6972,9780099532958.0,2,5900
6973,9780099457053.0,2,7400
6974,9780099532934.0,2,5900
6975,9781784755003.0,2,7200
6976,9780099564973.0,2,5600
6977,9781784742324.0,2,14500
6978,9780099540120.0,2,6800
6979,9780241237212.0,2,11200
6980,9780241395967.0,2,4900
6981,9780241983683.0,2,7200
6982,9780241410905.0,2,9500
6983,9780241371954.0,2,6400
6984,9780241359518.0,2,6200
6985,9780141387376.0,2,4900
6986,9780241248782.0,2,6900
6987,9780141190105.0,2,7100
6988,9780141190099.0,2,8500
6989,9780141188522.0,2,7800
6990,9780141019451.0,2,6100
6991,9780140167771.0,2,6400
6992,9781849494526.0,2,2900
6993,9781760632182.0,2,3400
6995,9780099540670.0,2,2900
6996,9781408867990.0,2,3500
6997,9781405288248.0,2,2600
6998,9781407221397.0,2,1800
6999,9781407221427.0,2,2100
7000,9781843444534.0,2,2400
7001,9780571207152.0,2,1600
7002,9780241389690.0,2,2900
7003,9780241387207.0,2,2800
7004,9780241951552.0,2,2700
7005,9780241951453.0,2,3600
7006,9781910701089.0,2,5800
7007,9781471167379.0,2,3600
7008,9781447296553.0,2,2800
7009,9781444753677.0,2,2600
7010,9780241197820.0,2,3800
7011,9780099541288.0,2,4600
7013,9780099283072.0,2,3400
7016,9781472200341.0,2,7200
7017,9780007528646.0,2,4500
7018,9781447212454.0,2,2900
7019,9780330452618.0,2,2800
7020,9780241985014.0,2,4600
7021,9780241985021.0,2,3100
7022,9780241956281.0,2,4600
7023,9780241985045.0,2,3900
7024,9780141185231.0,2,4600
7025,9780141189765.0,2,5400
7026,9780008277772.0,2,4200
7028,9781912894574.0,2,11650
7029,9781912894482.0,2,10900
7030,9781857152234.0,2,10300
7031,9781841596204.0,2,8900
7032,9780753518144.0,2,7300
7033,9780099448891.0,2,7600
7034,9781784875558.0,2,7400
7035,9780099362319.0,2,6700
7036,9781784707330.0,2,8200
7037,9780099488668.0,2,5900
7038,9780099750918.0,2,5700
7039,9780099561545.0,2,5800
7040,9780099286875.0,2,5800
7041,9781784870294.0,2,5900
7042,9780857503770.0,2,5900
7043,9780552174169.0,2,6200
7044,9781784875350.0,2,5800
7045,9780099362210.0,2,6200
7046,9780099598060.0,2,7400
7047,9780099448471.0,2,5700
7048,9780099448570.0,2,5700
7049,9780099448822.0,2,8200
7050,9780099541097.0,2,7700
7051,9780552169585.0,2,6200
7052,9781784704759.0,2,6700
7053,9780099590750.0,2,6800
7054,9780099289524.0,2,5700
7055,9780099573159.0,2,6400
7056,9780099516231.0,2,6200
7057,9780099580799.0,2,7900
7058,9780099528128.0,2,6300
7059,9780099511878.0,2,4100
7060,9780099511168.0,2,6400
7061,9781784872755.0,2,2600
7062,9781784874087.0,2,2600
7063,9781784874049.0,2,2600
7064,9781784872731.0,2,2900
7065,9781784872687.0,2,2900
7066,9781784872694.0,2,2900
7068,9781784874483.0,2,3100
7069,9781784872786.0,2,2900
7070,9781784874063.0,2,2600
7071,9781784872700.0,2,2900
7072,9781784874490.0,2,3100
7073,9781784872649.0,2,2900
7074,9781784872601.0,2,2100
7075,9781784874056.0,2,2900
7076,9781784874117.0,2,2600
7077,9780140187748.0,2,8400
7078,9780241402184.0,2,7800
7079,9780141185118.0,2,6900
7080,9780141188621.0,2,6600
7081,9780141192260.0,2,5900
7082,9780241972939.0,2,5800
7083,9780241968635.0,2,7800
7084,9780241968581.0,2,5900
7085,9780241968567.0,2,6100
7086,9780241966389.0,2,7400
7087,9780241950456.0,2,5700
7088,9780241965672.0,2,5400
7089,9780241379530.0,2,6900
7090,9780241980767.0,2,5900
7091,9780241950432.0,2,5700
7092,9780241950463.0,2,7500
7093,9780241950449.0,2,7500
7094,9780241996348.0,2,6900
7095,9780241978924.0,2,5800
7096,9780241951644.0,2,7200
7097,9780241983805.0,2,7500
7098,9780241978894.0,2,6900
7100,9780141393056.0,2,4400
7101,9780241341650.0,2,5400
7102,9780241981399.0,2,7800
7103,9781405924207.0,2,6200
7104,9780241984482.0,2,7400
7105,9780140282559.0,2,6400
7106,9780241951569.0,2,5400
7107,9780141364223.0,2,7400
7108,9780141325293.0,2,4700
7109,9780141325286.0,2,4700
7110,9785990866553.0,2,3800
7111,9780857054135.0,2,9600
7112,9780143130154.0,2,8400
7113,9789939513928.0,2,5950
7114,9789939754024.0,2,6700
7115,9785949621011.0,2,2700
7116,9785949622155.0,2,3200
7117,9785990762275.0,2,2900
7118,9785699868834.0,2,7900
7119,9781509822850.0,2,5400
7120,9780141032993.0,2,3800
7121,9780141033013.0,2,3800
7122,9780141033006.0,2,3800
7123,9780141032979.0,2,3800
7124,9780099435112.0,2,3800
7125,9789386869289.0,2,5200
7126,9789386869272.0,2,5200
7127,9780099282587.0,2,3800
7129,9780099540885.0,2,3800
7130,9780751550061.0,2,3500
7131,9780751542486.0,2,3500
7132,9780751542479.0,2,3500
7133,9781473221659.0,2,8600
7134,9781473218017.0,2,3800
7135,9780575074804.0,2,3800
7136,9781407239132.0,2,3800
7137,9781407248547.0,2,3800
7138,9781407230917.0,2,3800
7139,9781407230078.0,2,3800
7140,9780575079199.0,2,4700
7141,9780575072244.0,2,3800
7142,9781857989984.0,2,3800
7143,9781473213111.0,2,3800
7144,9780575094215.0,2,3800
7145,9781473212473.0,2,4100
7146,9781857989519.0,2,3800
7147,9780575071131.0,2,3800
7148,9781407230085.0,2,3800
7149,9780575094222.0,2,3800
7150,9780575099401.0,2,3800
7151,9781473222731.0,2,3800
7152,9780575080997.0,2,3800
7153,9780575094208.0,2,3800
7154,9781407246383.0,2,3800
7155,9781785650710.0,2,3800
7156,9780241978856.0,2,3800
7158,9780241984710.0,2,4600
7159,9780857389756.0,2,4700
7160,9780330544559.0,2,3800
7161,9780330510936.0,2,3800
7162,9780349142852.0,2,3800
7163,9781847083234.0,2,3800
7164,9781473208957.0,2,4100
7165,9780575118676.0,2,4100
7166,9780575129559.0,2,4100
7167,9780241972342.0,2,6100
7168,9780857865533.0,2,4800
7169,9781473202863.0,2,3800
7170,9781473202832.0,2,3800
7171,9780753827840.0,2,3800
7172,9781473225947.0,2,3800
7173,9781471146633.0,2,3800
7174,9780007946600.0,2,3800
7175,9780007521272.0,2,3800
7176,9781784872021.0,2,3800
7177,9780099595656.0,2,3800
7178,9781784872045.0,2,4200
7179,9780099339212.0,2,7400
7180,9780099595670.0,2,3800
7181,9781784872038.0,2,3800
7182,9780141039282.0,2,4800
7183,9781409168805.0,2,4100
7184,9781473200555.0,2,3800
7185,9780241963999.0,2,3800
7186,9781473217409.0,2,4800
7187,9781473217447.0,2,3800
7188,9781473212039.0,2,3800
7190,9780140455120.0,2,3800
7191,9781473223394.0,2,3800
7192,9780330524896.0,2,3800
7194,9781447207573.0,2,4700
7195,9781447294696.0,2,4700
7196,9780857389213.0,2,3800
7197,9781782124436.0,2,3800
7198,9781582346038.0,2,4100
7199,9780141182001.0,2,4100
7200,9781447264569.0,2,4700
7201,9780006479222.0,2,3800
7202,9789939753508.0,2,3300
7203,9789939858166.0,2,3400
7204,9789939753423.0,2,3900
7205,9789939858135.0,2,3900
7206,9789939753256.0,2,2500
7207,9780008277802.0,2,4600
7208,9781471400148.0,2,3600
7209,9780099284147.0,2,2500
7211,9780099535584.0,2,3400
7212,9780099465898.0,2,4600
7213,9780099591115.0,2,2700
7215,9780099435013.0,2,2700
7216,9780099590910.0,2,2700
7217,9781447275749.0,2,2700
7218,9780330541367.0,2,2700
7219,9780330541336.0,2,2800
7220,9788182529007.0,2,4300
7223,9788182528987.0,2,4900
7224,9788182528949.0,2,5200
7225,9788182528925.0,2,3900
7227,9780099819301.0,2,5700
7228,9780099842705.0,2,4600
7229,9780099577140.0,2,7900
7230,9780099478393.0,2,2600
7231,9780099478447.0,2,3800
7232,9780099286158.0,2,2600
7234,9780099478478.0,2,2700
7236,9780099552154.0,2,2400
7237,9780413772275.0,2,3800
7239,9781471164859.0,2,3000
7240,9781474601610.0,2,6600
7241,9781473217997.0,2,3400
7242,9781473218024.0,2,3600
7243,9781473218000.0,2,2700
7244,9780575074583.0,2,2700
7245,9781407247427.0,2,2600
7246,9781473224056.0,2,2800
7247,9780575093133.0,2,4800
7250,9781407246406.0,2,3200
7251,9781473212527.0,2,3100
7252,9781473208292.0,2,4800
7253,9781473201682.0,2,2800
7254,9781849838627.0,2,3600
7257,9780099599876.0,2,2200
7258,9781843444725.0,2,2100
7259,9781843443308.0,2,2200
7260,9780571216635.0,2,2700
7261,9780241970577.0,2,6800
7263,9780241956786.0,2,3600
7265,9781472258625.0,2,3400
7266,9781472258618.0,2,3100
7267,9781472246752.0,2,3200
7268,9780755381258.0,2,2800
7269,9781472246684.0,2,2900
7271,9781472258465.0,2,3300
7272,9781472246738.0,2,3000
7273,9780141184654.0,2,5900
7275,9780141036137.0,2,4900
7277,9781447212478.0,2,3600
7278,9780241980422.0,2,2600
7279,9781407247298.0,2,2900
7282,9781472200686.0,2,4500
7283,9780749019037.0,2,3100
7285,9780099282877.0,2,2900
7286,9780099909002.0,2,2400
7287,9780099909507.0,2,3100
7288,9780099909309.0,2,3400
7289,9780099595632.0,2,3400
7291,9780099908609.0,2,3400
7292,9780099909606.0,2,3400
7293,9780575086258.0,2,5800
7294,9781473204300.0,2,4200
7295,9780008127701.0,2,3000
7296,9780575083073.0,2,3700
7297,9780571246380.0,2,4800
7298,9780571275717.0,2,4700
7299,9781447224372.0,2,4800
7302,9780099442639.0,2,2800
7303,9781473212046.0,2,2900
7306,9780008279554.0,2,4600
7307,9780688144258.0,2,7200
7308,9780571214198.0,2,6600
7309,9780439136365.0,2,4400
7310,9780545139700.0,2,7300
9816,2009924526649.0,2,19900
9818,9781138960848.0,2,9500
9819,9780850529791.0,2,6500
9820,9781849045414.0,2,23000
9821,9781849045780.0,2,16500
9824,9789939897400.0,2,16800
9826,9781857885767.0,2,9400
9827,9781472979568.0,2,9300
9828,9789939963129.0,2,20000
9829,9780465027736.0,2,14900
9834,9780718187156.0,2,7400
9835,9781800818002.0,2,6900
9836,9781800814646.0,2,6900
9837,9781805221111.0,2,7100
9838,9781805222576.0,2,8400
9840,9781800815964.0,2,6900
9841,9781800816862.0,2,6900
9842,9781800816855.0,2,6900
9843,9781800817487.0,2,6900
9844,9781800818767.0,2,7500
9845,9781805222088.0,2,6900
9846,9781805223528.0,2,9400
9847,9781800816916.0,2,6900
9848,9781788160391.0,2,7600
9849,9781800816299.0,2,7600
9850,9781788160346.0,2,9800
9851,9781805223719.0,2,4900
9852,9781591842156.0,2,8900
9853,9780345504197.0,2,10900
9854,9781523006564.0,2,8400
9855,9780451205360.0,2,4500
9856,9780262049238.0,2,16900
9857,9781788160438.0,2,9500
9858,9781788166010.0,2,7100
9859,9781781250693.0,2,9800
9860,9781788166317.0,2,10300
9861,9780241736678.0,2,12900
9862,9781529930597.0,2,8900
9863,9781846047886.0,2,6100
9864,9781802065350.0,2,6400
9865,9780399175183.0,2,7100
9866,9780525538349.0,2,7900
9867,9780593832257.0,2,9400
9868,9781911717096.0,2,10300
9869,9780241686737.0,2,10400
9870,9780241658628.0,2,11600
9871,9781529930573.0,2,8900
9872,9781529923810.0,2,6400
9873,9781847927033.0,2,13400
9874,9781529146554.0,2,6300
9875,9781529916805.0,2,9900
9876,9780241688854.0,2,9600
9877,9780241384800.0,2,6100
9878,9780241502716.0,2,6200
9879,9780241568521.0,2,10900
9880,9781529908206.0,2,8500
9881,9780241640159.0,2,10300
9882,9780241609033.0,2,9700
9883,9781804945643.0,2,6100
9884,9781847943835.0,2,9800
9885,9781405968607.0,2,7400
9886,9781802061017.0,2,6100
9887,9780241996843.0,2,6100
9888,9781847943675.0,2,6300
9889,9780670921348.0,2,6300
9890,9780241626597.0,2,10100
9891,9781529108842.0,2,9700
9892,9780241539590.0,2,9500
9893,9781529159011.0,2,5800
9894,9780753560112.0,2,8900
9895,9781847943705.0,2,6300
9896,9780141990316.0,2,6500
9897,9781847943392.0,2,6300
9898,9781786091215.0,2,6300
9899,9781785043635.0,2,8500
9900,9780141994611.0,2,5900
9901,9780241529324.0,2,9900
9902,9780141987507.0,2,6400
9903,9780007152599.0,2,6200
9904,9781529104066.0,2,7800
9905,9780241969793.0,2,6200
9906,9780141977539.0,2,6200
9907,9780141978611.0,2,7700
9908,9780241752333.0,2,3400
9909,9780241752227.0,2,3400
9910,9780241746899.0,2,3400
9911,9780241746905.0,2,3400
9912,9780241752463.0,2,3400
9913,9780241752326.0,2,3400
9914,9781509843565.0,2,6800
9915,9781035038510.0,2,6300
9916,9780857196712.0,2,9900
9917,9781529033007.0,2,7300
9918,9781529096064.0,2,6500
9919,9781035038237.0,2,9900
9920,9781647291495.0,2,14600
9921,9780008654757.0,2,8800
9922,9780008303631.0,2,9900
9923,9780007166336.0,2,9500
9924,9780007328062.0,2,4500
9925,9781780678573.0,2,12100
9926,9781399804479.0,2,8700
9927,9781444792386.0,2,8300
9928,9780340752463.0,2,7600
9929,9780340832042.0,2,8100
9930,9781854584823.0,2,8300
9931,9780751507034.0,2,6800
9932,9780465094707.0,2,12500
9933,9781399821407.0,2,14200
9934,9781780590073.0,2,8500
9935,9781854584830.0,2,6500
9936,9780738211701.0,2,9600
9937,9780340960820.0,2,7100
9938,9780465021185.0,2,9900
9939,9781473637467.0,2,9700
9940,9780761174882.0,2,5900
9941,9781455508907.0,2,5700
9942,9780571390984.0,2,12900
9943,9781684034314.0,2,8100
9944,9780571366460.0,2,6900
9945,9780241651292.0,2,10500
9946,9780241700761.0,2,10700
9947,9780241634783.0,2,11900
9948,9780241515761.0,2,11900
9949,9780241206546.0,2,10700
9950,9780241426449.0,2,6300
9951,9780241479285.0,2,9100
9952,9781837264629.0,2,6900
9953,9780804136662.0,2,11500
9954,9780593139158.0,2,6900
9955,9781782113911.0,2,6900
9956,9781526620217.0,2,7100
9957,9781526678478.0,2,9900
9958,9781526626486.0,2,6300
9959,9781399416740.0,2,9500
9960,9781472988003.0,2,10900
9961,9781399409346.0,2,9600
9962,9781399415200.0,2,9300
9963,9781399403788.0,2,9600
9964,9781472946898.0,2,10300
9965,9781472988737.0,2,10700
9966,9780553277579.0,2,3900
9969,9789939982274.0,2,8400
10000,9783836545051.0,2,10500
10001,9780745653778.0,2,13500
10002,9780415869737.0,2,16000
10003,9781412842457.0,2,23000
10004,9781138983403.0,2,24000
10005,9780691150222.0,2,14500
10006,9780415478793.0,2,23000
10007,9783836532686.0,2,10500
10008,9783836534901.0,2,10500
10009,9783836593564.0,2,20900
10010,9783836504546.0,2,10500
10011,9783836560566.0,2,10500
10012,9783836506731.0,2,10500
10013,9783836505284.0,2,10500
10014,9783836528955.0,2,10500
10015,9783836523370.0,2,10500
10016,9783836532044.0,2,10500
10017,9783836534208.0,2,10500
10018,9783836535106.0,2,10500
10019,9783836555043.0,2,10500
10020,9783836559935.0,2,10500
10021,9783836590990.0,2,13900
10022,9783836561631.0,2,10500
10023,9783836563727.0,2,10500
10024,9783836570763.0,2,10500
10025,9783836595292.0,2,10500
10026,9783836573344.0,2,41700
10027,9783836573559.0,2,91700
10029,9781501771477.0,2,15500
10030,9780197582077.0,2,34000
10031,9781847943347.0,2,13400
10032,9781847943279.0,2,5700
10033,9781847943262.0,2,4900
10034,9780241621486.0,2,12500
10035,9781529077292.0,2,6200
10036,9781785044991.0,2,9900
10037,9780091947453.0,2,9700
10038,9780141024486.0,2,8800
10039,9780141975658.0,2,7700
10040,9780099584575.0,2,7900
10041,9780141987255.0,2,6200
10042,9780241658901.0,2,6900
10043,9781785042096.0,2,7300
10044,9780241317693.0,2,13300
10045,9780241302125.0,2,10800
10046,9780241410516.0,2,11600
10047,9780241481127.0,2,13700
10048,9780241487402.0,2,4900
10049,9780241531365.0,2,11600
10050,9780241487426.0,2,5900
10051,9780241562949.0,2,12900
10052,9780241548240.0,2,15100
10053,9780008313753.0,2,6500
10054,9780008299262.0,2,5700
10055,9780571379842.0,2,13200
10056,9780008434045.0,2,3900
10057,9780241225998.0,2,13400
10058,9780241295564.0,2,9400
10060,9781529080100.0,2,5900
10061,9780385350549.0,2,17500
10062,9781399405782.0,2,5400
10063,9781399401739.0,2,11400
10064,9781718502482.0,2,12300
10065,9781718500686.0,2,16300
10066,9781718502888.0,2,16500
10067,9780593799024.0,2,9900
10068,9780767907637.0,2,7200
10069,9780553263817.0,2,4500
10070,9780593797488.0,2,8100
10071,9781780673028.0,2,17400
10072,9781399405171.0,2,14400
10073,9781399412506.0,2,9600
10074,9781399402408.0,2,11600
10075,9781399410595.0,2,14200
10076,9781399410458.0,2,5400
10077,9781399411257.0,2,14200
10078,9781398506107.0,2,6400
10079,9781398522527.0,2,14200
10080,9780593236598.0,2,12300
10081,9781637741368.0,2,12900
10082,9781718502185.0,2,14300
10083,9781718503281.0,2,20500
10084,9781718501584.0,2,20600
10085,9781637744369.0,2,13200
10086,9781718503724.0,2,12400
10087,9781718502260.0,2,20700
10088,9781718503007.0,2,20500
10089,9781718501386.0,2,10900
10090,9780375706394.0,2,8900
10091,9781804090046.0,2,8500
10094,9780241448748.0,2,6200
10095,9781541736016.0,2,9400
10096,9781785042195.0,2,7300
10097,9781800810174.0,2,6900
10098,9781848840607.0,2,12000
10099,9780691202587.0,2,18500
10100,9781847942210.0,2,6200
10101,9780241974476.0,2,6400
10102,9780141980768.0,2,6400
10103,9781787630475.0,2,9700
10104,9781529148398.0,2,6200
10105,9780753556528.0,2,7600
10106,9780241420171.0,2,8900
10107,9780753558652.0,2,8500
10108,9780241472415.0,2,4600
10109,9781784703271.0,2,6800
10110,9780241529720.0,2,10600
10111,9780241433171.0,2,6300
10112,9781847942678.0,2,6400
10113,9780753553916.0,2,7300
10114,9780241642566.0,2,10300
10115,9780141018973.0,2,4400
10116,9780553813548.0,2,9200
10117,9780141032139.0,2,6400
10118,9780141045931.0,2,6600
10119,9780141018669.0,2,6500
10120,9780241251850.0,2,1800
10121,9780241348482.0,2,8800
10122,9780241616604.0,2,6200
10123,9780141979090.0,2,8700
10124,9780241632215.0,2,10200
10125,9781846047510.0,2,11200
10126,9781847927705.0,2,9900
10127,9781800816282.0,2,7800
10128,9781610392501.0,2,14300
10129,9781529341799.0,2,9500
10130,9780762484782.0,2,11800
10131,9780762463077.0,2,9400
10132,9780857834911.0,2,6300
10133,9781788164498.0,2,6900
10134,9781800815285.0,2,6900
10135,9780762484928.0,2,11200
10137,9782493851079.0,2,11000
10138,9785907163164.0,2,5200
10141,9780307337887.0,2,13600
10142,9781984877734.0,2,8900
10143,9781472292254.0,2,9700
10144,9781781251478.0,2,7500
10145,9781788166034.0,2,9800
10146,9780141189475.0,2,6400
10147,9780141988580.0,2,6700
10148,9780141988948.0,2,7800
10149,9780241573099.0,2,10100
10150,9780141985374.0,2,7800
10151,9780141980805.0,2,6600
10152,9781847923868.0,2,9700
10153,9780241979969.0,2,7900
10154,9780141986104.0,2,6400
10155,9780141392288.0,2,6400
10156,9780141975443.0,2,6300
10157,9780141195575.0,2,6200
10158,9780141189376.0,2,6300
10159,9781984825964.0,2,8400
10160,9780593420652.0,2,12700
10161,9780143122067.0,2,9300
10162,9780143130147.0,2,8500
10163,9780679728566.0,2,8700
10164,9780593238288.0,2,8800
10165,9780593297391.0,2,8300
10166,9781906787561.0,2,9800
10167,9780143116172.0,2,9300
10168,9780385739764.0,2,5100
10172,9781556439438.0,2,11400
10173,9780143126713.0,2,13500
10174,9780525533085.0,2,7800
10175,9780394726403.0,2,6600
10176,9780593235416.0,2,7800
10177,9780525574972.0,2,11900
10178,9780593713020.0,2,5600
10179,9781400076321.0,2,9200
10180,9780345472328.0,2,7300
10182,9780593231753.0,2,9300
10187,9780814760321.0,2,18500
10190,9780753557525.0,2,5800
10191,9781846046360.0,2,8500
10192,9781784709242.0,2,6500
10193,9789939929033.0,2,16700
10194,9780857504791.0,2,16400
10195,9780500296370.0,2,13800
10196,9781855147423.0,2,9600
10197,9780500301234.0,2,6500
10198,9782080203793.0,2,21300
10199,9780500295816.0,2,8600
10200,9780500293584.0,2,8200
10201,9780500294338.0,2,8600
10202,9780500204900.0,2,11700
10203,9780500204849.0,2,13200
10204,9780500204719.0,2,11700
10205,9780500204726.0,2,11700
10206,9781509827695.0,2,6600
10207,9781529068658.0,2,6800
10208,9781509866137.0,2,6600
10209,9781509896127.0,2,6200
10210,9781529063615.0,2,6500
10211,9780141999937.0,2,6400
10212,9780241517970.0,2,10800
10213,9780241513460.0,2,6200
10214,9780241470466.0,2,6300
10215,9780141995106.0,2,6500
10216,9780753556344.0,2,6400
10217,9781785043352.0,2,8600
10218,9781785040207.0,2,7700
10219,9781847943293.0,2,5800
10220,9781847943484.0,2,6100
10221,9781847943002.0,2,7900
10222,9780141185330.0,2,6500
10223,9780753559192.0,2,11800
10224,9781529146233.0,2,8800
10226,9783836534321.0,2,11200
10227,9783836500333.0,2,10500
10228,9783836507462.0,2,10500
10229,9783836550093.0,2,10500
10230,9781529370454.0,2,9800
10231,9781529384796.0,2,6900
10232,9781787013445.0,2,9600
10233,9781783439959.0,2,8600
10234,9780349113463.0,2,8200
10235,9781910552414.0,2,5800
10236,9781787013452.0,2,9600
10237,9781781253328.0,2,6900
10238,9781788164863.0,2,6900
10239,9781800812420.0,2,11300
10240,9781846680793.0,2,8300
10241,9781781259191.0,2,12300
10242,9781788164795.0,2,6500
10243,9781788161565.0,2,6900
10244,9781786898326.0,2,6900
10245,9781782115403.0,2,8100
10246,9780241343814.0,2,11900
10247,9781951627997.0,2,9900
10248,9780684860473.0,2,9900
10249,9780743268165.0,2,8300
10250,9781847370297.0,2,10100
10251,9781847391469.0,2,5900
10252,9780008309039.0,2,6500
10253,9781580627566.0,2,7900
10254,9781399402132.0,2,5500
10255,9780714550503.0,2,9300
10256,9781472994349.0,2,16100
10257,9781399400596.0,2,9600
10258,9781472978684.0,2,15400
10259,9780241433232.0,2,11600
10260,9780241491522.0,2,13900
10261,9780241345214.0,2,13800
10262,9780141998374.0,2,6200
10263,9780753541647.0,2,7200
10264,9780753555200.0,2,7200
10265,9781844135844.0,2,15200
10268,9780141976631.0,2,9400
10269,9780241973066.0,2,6200
10270,9780241950968.0,2,6100
10271,9780718192457.0,2,6500
10272,9780140296815.0,2,9900
10273,9780141036199.0,2,4300
10274,9780141441689.0,2,7600
10275,9780141193076.0,2,12800
10276,9780593070109.0,2,10300
10277,9780141391649.0,2,7800
10278,9780141184036.0,2,6300
10279,9780241331415.0,2,5600
10280,9781847941435.0,2,7600
10281,9780241442890.0,2,12400
10282,9780241385999.0,2,9200
10283,9780241453506.0,2,6200
10284,9780241473153.0,2,4400
10285,9780241435090.0,2,9200
10286,9780008356118.0,2,10500
10287,9780008480103.0,2,4900
10288,9781786273697.0,2,10100
